Country,region,11,janv-87,janv-87.1,janv-87.2,Feb-1987,mars-87,Apr-1987,May-1987,juin-87,juil-87,Aug-1987,sept-87,oct-87,nov-87,Dec-1987,janv-88,Feb-1988,mars-88,Apr-1988,May-1988,juin-88,juil-88,Aug-1988,sept-88,oct-88,nov-88,Dec-1988,janv-89,Feb-1989,mars-89,Apr-1989,May-1989,juin-89,juil-89,Aug-1989,sept-89,oct-89,nov-89,Dec-1989,janv-90,Feb-1990,mars-90,Apr-1990,May-1990,juin-90,juil-90,Aug-1990,sept-90,oct-90,nov-90,Dec-1990,janv-91,Feb-1991,mars-91,Apr-1991,May-1991,juin-91,juil-91,Aug-1991,sept-91,oct-91,nov-91,Dec-1991,janv-92,Feb-1992,mars-92,Apr-1992,May-1992,juin-92,juil-92,Aug-1992,sept-92,oct-92,nov-92,Dec-1992,janv-93,Feb-1993,mars-93,Apr-1993,May-1993,juin-93,juil-93,Aug-1993,sept-93,oct-93,nov-93,Dec-1993,janv-94,Feb-1994,mars-94,Apr-1994,May-1994,juin-94,juil-94,Aug-1994,sept-94,oct-94,nov-94,Dec-1994,janv-95,Feb-1995,mars-95,Apr-1995,May-1995,juin-95,juil-95,Aug-1995,sept-95,oct-95,nov-95,Dec-1995,janv-96,Feb-1996,mars-96,Apr-1996,May-1996,juin-96,juil-96,Aug-1996,sept-96,oct-96,nov-96,Dec-1996,janv-97,Feb-1997,mars-97,Apr-1997,May-1997,juin-97,juil-97,Aug-1997,sept-97,oct-97,nov-97,Dec-1997,janv-98,Feb-1998,mars-98,Apr-1998,May-1998,juin-98,juil-98,Aug-1998,sept-98,oct-98,nov-98,Dec-1998,janv-99,Feb-1999,mars-99,Apr-1999,May-1999,juin-99,juil-99,Aug-1999,sept-99,oct-99,nov-99,Dec-1999,janv-00,Feb-2000,mars-00,Apr-2000,May-2000,juin-00,juil-00,Aug-2000,sept-00,oct-00,nov-00,Dec-2000,janv-01,Feb-2001,mars-01,Apr-2001,May-2001,juin-01,juil-01,Aug-2001,sept-01,oct-01,nov-01,Dec-2001,janv-02,Feb-2002,mars-02,Apr-2002,May-2002,juin-02,juil-02,Aug-2002,sept-02,oct-02,nov-02,Dec-2002,janv-03,Feb-2003,mars-03,Apr-2003,May-2003,juin-03,juil-03,Aug-2003,sept-03,oct-03,nov-03,Dec-2003,janv-04,Feb-2004,mars-04,Apr-2004,May-2004,juin-04,juil-04,Aug-2004,sept-04,oct-04,nov-04,Dec-2004,janv-05,Feb-2005,mars-05,Apr-2005,May-2005,juin-05,juil-05,Aug-2005,sept-05,oct-05,nov-05,Dec-2005,janv-06,Feb-2006,mars-06,Apr-2006,May-2006,juin-06,juil-06,Aug-2006,sept-06,oct-06,nov-06,Dec-2006,janv-07,Feb-2007,mars-07,Apr-2007,May-2007,juin-07,juil-07,Aug-2007,sept-07,oct-07,nov-07,Dec-2007,janv-08,Feb-2008,mars-08,Apr-2008,May-2008,juin-08,juil-08,Aug-2008,sept-08,oct-08,nov-08,Dec-2008,janv-09,Feb-2009,mars-09,Apr-2009,May-2009,juin-09,juil-09,Aug-2009,sept-09,oct-09,nov-09,Dec-2009,janv-10,Feb-2010,mars-10,Apr-2010,May-2010,juin-10,juil-10,Aug-2010,sept-10,oct-10,nov-10,Dec-2010,janv-11,Feb-2011,mars-11,Apr-2011,May-2011,juin-11,juil-11,Aug-2011,sept-11,oct-11,nov-11,Dec-2011,janv-12,Feb-2012,mars-12,Apr-2012,May-2012,juin-12,juil-12,Aug-2012,sept-12,oct-12,nov-12,Dec-2012,janv-13,Feb-2013,mars-13,Apr-2013,May-2013,juin-13,juil-13,Aug-2013,sept-13,oct-13,nov-13,Dec-2013,janv-14,Feb-2014,mars-14,Apr-2014,May-2014,juin-14,juil-14,Aug-2014,sept-14,oct-14,nov-14,Dec-2014,janv-15,Feb-2015,mars-15,Apr-2015,May-2015,juin-15,juil-15,Aug-2015,sept-15,oct-15,nov-15,Dec-2015,janv-16,Feb-2016,mars-16,Apr-2016,May-2016,juin-16,juil-16,Aug-2016,sept-16,oct-16,nov-16,Dec-2016,janv-17,Feb-2017,mars-17,Apr-2017,May-2017,juin-17,juil-17,Aug-2017,sept-17,oct-17,nov-17,Dec-2017,janv-18,Feb-2018,mars-18,Apr-2018,May-2018,juin-18,juil-18,Aug-2018,sept-18,oct-18,nov-18,Dec-2018,janv-19,Feb-2019,mars-19,Apr-2019,May-2019,juin-19,juil-19,Aug-2019
Australia,1,https://www.countryflags.io/au/flat/64.png,13.8,13.8,13.8,14.0,13.5,13.1,13.0,12.8,13.0,13.0,12.5,13.7,13.3,12.9,12.4,12.3,11.9,11.5,12.3,12.0,12.0,11.8,12.0,11.9,12.4,13.0,13.3,13.7,13.7,13.4,13.9,13.5,13.4,13.0,13.7,13.6,13.1,12.9,12.8,13.3,13.4,13.8,13.5,13.4,13.2,13.5,13.6,13.4,12.2,12.1,11.5,11.5,11.4,11.0,10.8,11.2,11.0,10.7,10.3,9.8,9.8,9.4,10.1,10.0,9.9,9.4,9.1,8.9,8.3,9.0,8.9,8.9,9.1,8.9,8.6,8.0,7.8,7.6,7.7,7.4,6.9,6.6,6.8,6.5,6.8,6.7,6.4,7.1,8.0,8.4,8.8,9.6,9.6,9.4,10.3,10.5,10.5,10.0,10.3,10.1,10.1,9.8,9.1,8.9,9.1,9.1,8.7,8.5,8.5,8.3,8.1,8.2,8.8,8.9,8.8,8.9,8.6,8.0,8.0,7.6,7.2,7.3,7.5,7.4,7.9,7.9,7.7,7.2,6.6,6.7,6.3,6.2,6.0,6.1,5.8,5.9,5.9,5.7,5.6,5.6,5.5,5.6,5.3,5.0,5.1,4.9,5.1,5.3,5.5,5.4,5.9,6.2,6.1,6.3,6.3,6.6,6.6,6.7,7.2,7.0,6.6,6.3,6.5,6.2,6.2,6.2,6.1,6.1,6.0,5.5,5.4,5.3,5.1,5.6,5.9,5.9,6.1,5.8,5.6,5.4,5.5,5.8,5.9,5.9,6.3,6.3,6.2,6.0,5.9,5.6,5.4,5.7,5.5,5.4,5.3,5.2,5.3,5.3,5.0,4.8,5.2,5.5,5.5,5.6,5.9,5.8,5.7,5.6,5.4,5.8,6.0,5.8,5.7,5.6,5.4,5.4,5.4,5.2,5.4,5.4,5.7,5.5,5.3,5.1,5.2,5.2,5.2,5.4,5.4,5.3,5.2,5.3,5.3,5.6,5.8,5.7,5.8,5.8,5.6,5.7,5.6,5.7,5.9,5.8,5.7,5.9,5.9,6.2,6.1,5.9,6.0,6.2,6.0,6.2,6.1,6.3,6.1,6.2,6.4,6.6,6.4,5.9,5.6,5.2,4.9,4.2,4.1,4.3,4.3,4.5,5.0,5.6,5.5,5.5,5.3,5.5,5.5,5.5,5.6,5.5,5.6,5.8,5.5,5.3,5.1,5.0,5.0,5.1,5.4,5.6,5.5,5.6,5.4,5.5,5.3,5.2,5.0,4.5,4.2,4.4,4.1,3.8,3.8,4.0,4.2,3.9,3.3,3.0,2.9,3.2,3.1,3.0,3.1,3.2,3.4,3.5,3.5,3.2,3.2,3.5,3.8,3.9,4.0,4.0,4.1,4.2,4.2,4.1,4.1,4.0,3.8,3.7,3.5,3.4,3.6,3.3,3.3,3.0,2.6,2.5,2.5,2.4,2.9,3.0,2.9,2.7,2.7,2.6,2.9,2.9,2.7,2.5,2.6,2.5,2.3,2.1,1.9,1.9,2.0,2.2,2.5,2.8,2.7,2.8,2.8,2.6,2.5,2.4,2.6,2.6,2.7,2.8,2.6,2.6,2.8,2.9,2.7,2.7,2.8,2.7,2.6,2.6,2.6,2.7,2.7,2.4,2.3,2.1,2.0,1.9,1.7,1.4,1.3,1.0
Austria,2,https://www.countryflags.io/at/flat/64.png,..,..,..,..,..,..,..,..,..,..,..,..,..,..,..,..,..,..,..,..,..,..,..,..,..,..,..,..,..,..,..,..,..,..,..,..,..,..,8.2,8.6,8.6,8.7,8.8,8.8,8.7,8.8,9.0,9.0,8.9,8.7,8.9,8.6,8.4,8.4,8.4,8.5,8.6,8.7,8.6,8.5,8.5,8.5,8.3,8.2,8.3,8.3,8.3,8.4,8.4,8.4,8.1,7.8,7.7,7.5,7.2,7.1,6.9,6.9,7.1,7.0,6.8,6.6,6.4,6.3,6.2,6.0,5.8,6.1,6.5,6.7,7.0,7.4,7.1,7.2,7.6,7.7,7.7,7.6,7.7,7.7,7.5,7.4,7.1,7.1,7.1,7.0,6.9,7.0,6.8,6.5,6.2,6.4,6.6,6.4,6.5,6.6,6.6,6.4,6.3,6.1,6.0,5.9,5.8,5.6,5.7,5.9,5.8,5.8,5.6,5.7,5.6,5.6,5.6,5.4,5.2,5.1,5.0,5.0,5.0,4.9,4.8,4.6,4.3,4.3,4.3,4.1,3.8,4.0,4.2,4.0,4.2,4.5,4.9,5.1,5.3,5.5,5.3,5.4,5.8,5.8,5.6,5.5,5.7,5.5,5.6,5.5,5.6,5.5,5.5,5.2,5.1,5.1,5.0,5.2,5.3,5.3,5.3,5.1,5.1,4.9,4.7,5.0,5.1,5.1,5.4,5.4,5.4,5.2,5.1,4.8,4.6,4.6,4.6,4.4,4.2,4.0,4.0,4.2,3.9,3.8,4.1,4.2,4.2,4.3,4.4,4.4,4.3,4.2,4.1,4.2,4.4,4.4,4.3,4.2,4.1,4.0,3.8,3.6,3.6,3.6,3.7,3.5,3.4,3.2,3.3,3.3,3.1,3.3,3.5,3.4,3.3,3.5,3.7,3.9,4.0,4.0,4.1,3.9,3.8,3.8,3.8,3.8,4.1,4.1,4.0,4.2,4.3,4.6,4.6,4.4,4.3,4.4,4.2,4.4,4.2,4.2,4.1,4.3,4.5,4.8,4.8,4.5,4.5,4.3,4.2,3.9,4.0,4.2,4.2,4.0,4.1,4.3,4.0,3.8,3.8,3.7,3.6,3.6,3.8,3.7,3.5,3.5,3.2,3.2,3.1,2.8,2.8,2.8,3.0,3.4,3.5,3.7,3.7,3.8,3.5,3.4,3.4,2.8,2.6,2.9,3.4,3.1,3.3,3.0,2.9,2.8,2.5,2.3,2.1,2.0,2.0,2.0,1.9,1.8,1.9,2.0,1.8,1.6,1.8,2.0,2.1,2.2,2.3,2.2,2.1,2.2,2.1,2.0,1.9,1.8,1.6,1.7,1.5,1.3,1.2,1.1,1.0,0.8,0.5,0.4,0.4,0.3,0.7,1.1,1.1,1.0,1.0,0.8,0.8,0.9,0.8,0.5,0.5,0.4,0.4,0.3,0.2,0.1,0.1,0.2,0.5,0.5,0.6,0.6,0.6,0.5,0.7,0.6,0.7,0.6,0.6,0.6,0.5,0.5,0.7,0.8,0.8,0.8,0.8,0.7,0.6,0.6,0.7,0.7,0.6,0.5,0.5,0.5,0.4,0.3,0.2,0.0,-0.1,-0.4
Belgium,3,https://www.countryflags.io/be/flat/64.png,8.3,8.3,8.3,8.2,8.1,8.0,8.1,8.1,8.1,8.0,8.2,8.6,8.4,8.3,8.2,7.8,7.7,7.8,7.9,8.0,8.1,8.2,8.2,8.1,8.1,8.1,8.2,8.3,8.5,8.4,8.4,8.4,8.4,8.4,8.4,8.7,9.1,9.4,9.8,10.4,10.3,10.0,9.8,9.8,9.6,10.0,10.3,10.2,10.0,10.0,9.9,9.3,9.2,9.2,9.1,9.3,9.5,9.4,9.2,9.1,9.2,9.1,8.7,8.7,8.8,8.9,8.8,8.9,8.9,9.0,8.8,8.3,8.0,8.0,7.6,7.7,7.4,7.4,7.4,7.2,7.1,7.1,7.2,7.2,6.9,6.6,6.5,6.7,7.1,7.3,7.5,8.0,8.0,8.2,8.6,8.5,8.4,8.3,8.5,8.3,8.2,7.9,7.6,7.3,7.3,7.2,7.0,7.1,6.8,6.7,6.4,6.6,6.8,6.7,6.7,6.8,6.8,6.6,6.5,6.1,6.0,5.9,5.9,5.7,5.9,6.0,5.9,5.8,5.6,5.8,5.7,5.7,5.7,5.5,5.2,5.1,5.0,5.0,5.1,5.0,4.9,4.7,4.3,4.3,4.3,4.1,3.9,4.0,4.3,4.1,4.3,4.6,4.9,5.2,5.3,5.6,5.3,5.4,5.8,5.8,5.6,5.5,5.7,5.5,5.6,5.6,5.6,5.6,5.5,5.3,5.2,5.2,5.1,5.2,5.4,5.3,5.4,5.2,5.1,4.9,4.8,5.0,5.1,5.2,5.4,5.4,5.4,5.2,5.1,4.8,4.6,4.7,4.6,4.5,4.3,4.1,4.2,4.3,4.0,3.7,4.1,4.2,4.3,4.3,4.4,4.4,4.3,4.3,4.1,4.3,4.4,4.5,4.3,4.2,4.1,4.0,3.9,3.7,3.6,3.6,3.8,3.6,3.4,3.3,3.3,3.3,3.1,3.3,3.5,3.4,3.4,3.5,3.7,4.0,4.0,4.0,4.0,3.9,3.8,3.8,3.8,3.8,4.1,4.1,4.0,4.2,4.3,4.6,4.6,4.4,4.4,4.4,4.3,4.4,4.3,4.2,4.2,4.4,4.5,4.8,4.9,4.6,4.6,4.5,4.3,3.9,4.1,4.2,4.0,3.9,4.0,4.1,3.9,3.8,3.7,3.7,3.6,3.6,3.8,3.7,3.6,3.5,3.3,3.5,3.3,3.0,3.1,3.2,3.5,4.0,4.1,4.2,4.2,4.3,4.2,4.1,4.2,4.1,3.9,4.2,4.8,4.4,4.1,3.7,3.5,3.5,3.3,3.2,2.7,2.5,2.6,2.4,2.3,2.1,2.3,2.5,2.3,2.0,2.1,2.4,2.5,2.7,2.8,2.6,2.4,2.4,2.5,2.4,2.3,2.2,2.0,1.8,1.6,1.4,1.3,1.2,1.1,0.9,0.7,0.6,0.5,0.4,0.9,1.2,1.2,1.0,1.0,0.9,0.8,0.9,0.9,0.7,0.6,0.6,0.6,0.4,0.2,0.2,0.2,0.3,0.6,0.6,0.7,0.9,0.9,0.8,0.8,0.6,0.8,0.7,0.7,0.7,0.6,0.5,0.7,1.0,0.9,0.8,0.8,0.8,0.7,0.7,0.8,0.9,0.8,0.8,0.8,0.7,0.5,0.5,0.4,0.2,0.0,-0.3
Canada,4,https://www.countryflags.io/ca/flat/64.png,8.3,8.3,8.3,8.5,8.3,8.8,9.6,9.3,9.6,10.1,10.7,10.4,9.9,10.1,9.7,9.2,9.4,9.7,9.9,9.7,9.9,10.2,10.2,9.8,10.0,10.1,10.1,10.2,10.6,10.3,9.9,9.4,9.3,9.3,9.5,9.5,9.5,9.6,9.7,10.2,10.7,11.3,11.3,10.8,10.7,10.6,10.8,11.3,10.7,10.3,10.2,9.7,9.6,9.5,9.6,9.8,10.0,9.8,9.6,9.1,8.6,8.5,8.1,8.3,8.6,8.8,8.6,8.3,7.9,7.3,7.4,7.8,7.7,7.9,7.9,7.8,7.4,7.5,7.6,7.5,7.2,7.1,6.8,6.8,6.8,6.8,6.5,6.5,7.2,8.1,8.3,8.8,9.1,9.0,8.9,9.0,9.2,9.1,9.3,8.9,8.6,8.4,8.1,7.9,8.1,8.3,7.9,7.7,7.5,7.2,7.1,7.2,7.6,7.7,7.8,7.8,7.7,7.3,7.3,6.6,6.1,6.4,6.6,6.3,6.5,6.8,6.6,6.3,6.0,6.0,5.9,5.6,5.5,5.7,5.4,5.4,5.4,5.3,5.4,5.3,5.3,5.6,5.2,4.9,5.2,4.9,4.9,5.1,5.2,5.0,5.4,5.6,5.5,5.8,5.7,6.1,6.0,6.1,6.5,6.3,6.0,5.9,6.2,5.9,5.9,5.8,5.7,5.7,5.7,5.4,5.4,5.4,5.3,5.6,5.9,5.7,5.8,5.5,5.3,5.2,5.2,5.4,5.3,5.3,5.7,5.7,5.6,5.4,5.3,5.1,4.9,5.1,5.1,5.0,5.0,5.0,5.0,5.1,4.7,4.3,4.7,4.9,4.8,4.8,4.9,4.7,4.6,4.5,4.3,4.6,4.8,4.9,4.8,4.6,4.6,4.6,4.5,4.3,4.3,4.2,4.4,4.2,4.1,3.8,3.9,3.9,3.9,4.0,4.1,4.0,4.0,4.2,4.2,4.4,4.4,4.4,4.4,4.3,4.1,4.1,4.0,4.0,4.1,4.1,4.0,4.2,4.3,4.6,4.6,4.4,4.4,4.4,4.1,4.0,3.8,3.6,3.5,3.6,3.6,3.8,3.8,3.5,3.6,3.7,3.6,2.9,2.8,3.0,2.9,3.0,3.2,3.5,3.4,3.5,3.4,3.4,3.4,3.4,3.5,3.4,3.5,3.7,3.4,3.3,3.2,2.9,2.9,2.8,3.0,3.2,3.3,3.4,3.3,3.3,3.2,3.0,2.9,2.4,2.2,2.3,2.1,2.0,2.0,2.0,2.1,2.1,1.9,1.7,1.7,1.8,1.8,1.8,1.7,1.8,1.9,2.0,1.9,1.7,1.9,2.2,2.4,2.6,2.7,2.5,2.6,2.7,2.5,2.4,2.5,2.4,2.3,2.3,2.2,2.1,2.2,2.0,2.0,1.9,1.5,1.4,1.4,1.4,1.7,1.8,1.6,1.4,1.5,1.5,1.6,1.5,1.3,1.1,1.3,1.3,1.4,1.2,1.1,1.0,1.1,1.2,1.4,1.7,1.7,1.7,1.7,1.5,1.5,1.5,1.9,1.9,2.0,2.1,1.9,1.9,2.2,2.3,2.2,2.2,2.4,2.2,2.2,2.3,2.4,2.5,2.4,2.1,2.0,1.9,1.7,1.7,1.7,1.5,1.5,1.2
Chile,5,https://www.countryflags.io/cl/flat/64.png,..,..,..,..,..,..,..,..,..,..,..,..,..,..,..,..,..,..,..,..,..,..,..,..,..,..,..,..,..,..,..,..,..,..,..,..,..,..,..,..,..,..,..,..,..,..,..,..,..,..,..,..,..,..,..,..,..,..,..,..,..,..,..,..,..,..,..,..,..,..,..,..,..,..,..,..,..,..,..,..,..,..,..,..,..,..,..,..,..,..,..,..,..,..,..,..,..,..,..,..,..,..,..,..,..,..,..,..,..,..,..,..,..,..,..,..,..,..,..,..,..,..,..,..,..,..,..,..,..,..,..,..,..,..,..,..,..,..,..,..,..,..,..,..,..,..,..,..,..,..,..,..,..,..,..,..,..,..,..,..,..,..,..,..,..,..,..,..,..,..,..,..,..,..,..,..,..,..,..,..,..,..,..,..,..,..,..,..,..,..,..,..,..,..,..,..,..,..,..,..,..,..,..,..,..,..,..,..,..,..,..,..,6.5,6.3,6.2,6.6,6.3,6.0,6.0,5.9,6.1,6.1,5.9,5.7,5.9,5.8,5.9,6.3,6.5,6.5,6.3,..,6.4,..,..,6.5,..,..,6.1,..,..,5.6,5.3,..,5.6,5.7,6.3,6.5,6.5,6.2,6.3,6.5,6.2,6.5,..,..,..,6.5,7.0,7.6,7.8,7.9,7.7,6.8,6.5,6.1,5.6,4.8,4.9,5.4,5.7,5.9,5.7,5.6,5.9,6.0,6.2,6.3,6.4,6.4,6.5,6.5,6.4,6.4,6.3,6.0,6.0,6.1,6.2,6.1,6.6,6.9,6.6,6.4,6.3,6.3,6.2,5.6,5.1,5.1,5.5,5.3,5.1,5.3,5.8,5.8,5.5,5.4,5.2,5.3,5.4,5.4,5.5,5.5,5.6,5.7,5.6,5.3,5.2,5.3,5.3,5.3,5.3,5.2,5.0,5.1,5.1,5.0,5.0,4.9,5.0,4.9,4.7,4.3,4.6,4.6,4.4,4.4,4.2,4.2,4.3,4.5,4.6,4.7,4.6,4.5,4.6,4.5,4.6,4.6,4.6,4.4,4.4,4.4,4.5,4.5,4.4,4.3,4.2,4.2,4.5,4.4,4.2,4.2,4.2,3.9,4.0,4.0,4.2,4.3,4.3,4.5,4.5,4.6,4.5,4.5,4.5,4.4,4.5,4.6,4.6,4.5,4.5,4.6,4.5,4.3,4.2,4.1,4.1,3.9,3.8,3.5,3.2,2.7
Czech Republic,6,https://www.countryflags.io/cz/flat/64.png,..,..,..,..,..,..,..,..,..,..,..,..,..,..,..,..,..,..,..,..,..,..,..,..,..,..,..,..,..,..,..,..,..,..,..,..,..,..,..,..,..,..,..,..,..,..,..,..,..,..,..,..,..,..,..,..,..,..,..,..,..,..,..,..,..,..,..,..,..,..,..,..,..,..,..,..,..,..,..,..,..,..,..,..,..,..,..,..,..,..,..,..,..,..,..,..,..,..,..,..,..,..,..,..,..,..,..,..,..,..,..,..,..,..,..,..,..,..,..,..,..,..,..,..,..,..,..,..,..,..,..,..,..,..,..,..,..,..,..,..,..,..,..,..,..,..,..,..,..,..,..,..,..,..,..,..,..,..,..,..,..,6.3,6.3,6.6,6.9,7.0,7.0,7.4,7.6,7.4,6.8,6.5,6.2,6.3,6.5,6.7,6.9,6.8,6.5,5.8,5.4,5.4,5.3,5.3,5.6,5.4,5.3,5.1,4.8,4.6,4.5,4.3,4.2,4.2,4.1,3.8,3.8,3.9,3.7,3.5,4.1,4.2,4.3,4.5,4.8,4.8,4.7,4.9,4.6,4.7,5.0,5.1,5.2,5.1,5.1,4.9,4.6,4.1,3.9,3.6,3.7,3.7,3.5,3.3,3.3,3.4,3.3,3.5,3.8,3.6,3.4,3.4,3.6,3.9,3.9,4.0,4.0,3.9,3.9,3.9,3.9,3.8,3.9,3.9,3.9,4.0,4.1,4.5,4.5,4.5,4.6,4.5,4.6,4.7,4.6,4.5,4.7,4.7,4.8,5.1,4.9,4.5,4.4,4.5,4.5,4.3,4.2,4.7,5.2,5.3,5.1,5.5,5.4,5.1,5.0,4.5,4.2,4.0,4.3,4.3,4.0,3.8,4.1,4.3,4.0,3.6,3.3,3.4,3.6,3.9,4.0,4.1,4.1,4.1,3.9,3.8,3.8,3.4,3.0,3.1,3.7,3.7,3.4,3.1,3.5,3.5,3.3,3.1,2.6,2.4,2.4,2.2,1.9,1.9,2.0,2.0,2.0,1.8,1.7,2.1,2.2,2.4,2.4,2.3,2.2,2.2,2.4,2.3,2.2,2.0,1.7,1.6,1.5,1.4,1.2,1.1,0.9,0.7,0.4,0.4,0.4,0.3,0.6,1.0,1.0,0.7,0.7,0.6,0.5,0.5,0.6,0.5,0.4,0.4,0.5,0.5,0.4,0.3,0.3,0.4,0.6,0.5,0.5,0.6,0.9,1.0,0.7,0.8,0.9,0.8,1.0,1.5,1.7,1.5,1.8,1.8,1.8,1.7,1.9,2.1,2.1,2.1,2.1,2.1,2.1,2.0,1.9,1.8,1.8,1.8,1.9,1.6,1.4,..
Denmark,7,https://www.countryflags.io/dk/flat/64.png,11.1,11.1,11.1,11.4,11.9,11.5,11.1,10.7,11.0,10.9,11.5,11.8,11.4,11.1,10.6,9.9,10.1,10.5,10.4,9.8,9.6,9.8,9.8,9.7,9.4,9.1,9.0,9.4,9.6,9.7,9.8,9.9,9.3,9.3,9.7,10.2,10.3,10.2,10.5,11.3,11.2,10.6,10.4,10.4,10.0,10.5,10.8,10.8,10.7,10.4,10.3,9.4,9.3,9.2,9.1,9.2,9.3,9.3,9.1,9.0,8.9,8.9,8.5,8.6,8.7,8.8,8.8,9.0,9.2,9.6,9.6,9.3,8.8,9.0,8.7,8.6,8.2,7.8,7.6,7.2,7.0,6.7,6.8,6.5,6.4,6.2,6.0,6.3,6.7,7.0,7.4,8.2,8.2,8.6,9.1,8.9,8.8,8.8,9.1,8.9,9.0,8.7,8.3,8.3,8.3,8.1,7.8,7.9,7.6,7.3,7.0,7.4,7.6,7.3,7.4,7.5,7.4,7.3,7.2,6.8,6.8,6.6,6.5,6.2,6.5,6.6,6.5,6.4,6.1,6.2,6.2,6.1,6.1,5.7,5.5,5.4,5.3,5.2,5.3,5.1,5.0,4.9,4.8,4.8,4.7,4.4,4.1,4.2,4.4,4.2,4.5,4.8,5.1,5.4,5.6,5.8,5.4,5.5,5.9,5.8,5.6,5.6,5.8,5.7,5.8,5.7,5.7,5.6,5.5,5.2,5.1,5.1,5.0,5.1,5.3,5.3,5.3,5.1,5.1,4.9,4.7,5.0,5.1,5.1,5.4,5.4,5.4,5.3,5.1,4.9,4.7,4.8,4.8,4.6,4.4,4.2,4.3,4.4,4.1,3.9,4.2,4.4,4.4,4.4,4.6,4.5,4.4,4.3,4.1,4.3,4.5,4.5,4.6,4.5,4.4,4.2,4.1,3.8,3.7,3.6,3.8,3.6,3.4,3.2,3.2,3.2,3.1,3.2,3.5,3.4,3.3,3.5,3.7,4.0,4.0,4.0,4.1,3.9,3.8,3.9,3.8,3.8,4.0,4.1,4.0,4.2,4.3,4.6,4.6,4.4,4.4,4.4,4.2,4.3,4.1,4.1,4.0,4.3,4.4,4.8,4.8,4.5,4.4,4.4,4.1,3.5,3.4,3.6,3.4,3.5,3.6,3.8,3.7,3.6,3.6,3.6,3.6,3.5,3.6,3.5,3.4,3.3,2.9,2.7,2.7,2.4,2.4,2.5,2.7,3.0,3.1,3.2,3.3,3.4,3.1,3.0,3.0,2.5,2.1,2.2,2.0,1.9,1.7,1.8,1.9,1.7,1.4,1.3,1.1,1.1,1.3,1.3,1.1,1.1,1.6,1.7,1.6,1.4,1.5,1.7,1.8,1.9,2.1,1.9,1.8,1.9,1.9,1.7,1.6,1.6,1.5,1.4,1.2,1.1,1.0,1.1,1.0,0.9,0.6,0.2,0.3,0.3,0.7,1.0,0.9,0.8,0.9,0.8,0.8,0.8,0.8,0.6,0.5,0.4,0.4,0.2,0.1,0.0,0.0,0.1,0.3,0.4,0.4,0.3,0.2,0.6,0.6,0.5,0.7,0.6,0.5,0.5,0.4,0.4,0.6,0.8,0.6,0.6,0.5,0.4,0.3,0.3,0.4,0.4,0.3,0.2,0.2,0.1,0.2,0.1,0.0,-0.2,-0.3,..
Finland,8,https://www.countryflags.io/fi/flat/64.png,..,..,..,..,..,..,..,..,..,..,..,..,..,..,10.5,9.9,10.0,10.0,10.3,10.3,10.6,10.7,10.6,10.6,11.6,11.6,11.6,11.7,11.8,11.8,11.8,12.3,12.1,11.9,12.2,12.4,12.6,12.9,12.7,..,13.2,13.4,13.1,13.1,13.4,13.2,13.4,13.5,13.1,13.5,13.0,12.6,12.5,12.2,11.6,11.1,11.2,11.1,11.0,10.8,11.4,12.1,11.8,11.2,11.2,11.9,11.8,12.2,12.1,12.9,13.5,12.0,12.0,11.0,10.9,10.3,9.9,9.8,9.5,9.1,8.6,7.9,8.0,7.7,7.4,7.0,6.5,6.6,7.5,8.3,8.5,9.5,9.9,10.6,10.5,10.1,10.2,10.2,10.2,10.2,10.2,9.4,8.8,8.7,8.7,8.3,8.0,8.0,7.5,7.4,7.0,7.7,7.7,7.5,7.4,7.2,7.1,7.2,6.9,6.5,6.5,6.3,6.1,5.9,6.1,6.4,6.2,6.1,5.9,5.9,5.8,5.8,5.8,5.6,5.3,5.2,5.0,5.0,5.1,5.0,4.9,4.7,4.5,4.5,4.4,4.1,3.9,4.0,4.3,4.1,4.2,4.6,4.9,5.2,5.3,5.6,5.3,5.4,5.7,5.7,5.5,5.5,5.6,5.4,5.5,5.4,5.5,5.5,5.4,5.1,5.0,5.0,4.9,5.1,5.3,5.3,5.3,5.1,5.1,4.8,4.7,5.0,5.1,5.1,5.3,5.3,5.4,5.3,5.1,4.8,4.6,4.7,4.7,4.5,4.3,4.1,4.1,4.2,3.9,3.7,4.0,4.2,4.2,4.3,4.4,4.3,4.2,4.1,3.9,4.1,4.3,4.5,4.4,4.2,4.1,4.0,3.9,3.7,3.6,3.6,3.7,3.5,3.3,3.2,3.2,3.2,3.0,3.2,3.4,3.3,3.3,3.4,3.6,3.9,3.9,4.0,4.1,3.9,3.8,3.8,3.8,3.8,4.1,4.1,4.0,4.2,4.3,4.6,4.6,4.4,4.3,4.4,4.2,4.3,4.1,4.1,4.0,4.2,4.5,4.8,4.8,4.5,4.4,4.3,4.1,3.7,3.9,3.9,3.8,3.8,3.9,4.0,3.8,3.6,3.6,3.6,3.5,3.5,3.5,3.4,3.3,3.4,3.0,2.9,2.9,2.6,2.6,2.6,2.8,3.2,3.3,3.4,3.5,3.6,3.3,3.3,3.2,2.7,2.4,2.5,2.5,2.5,2.3,2.3,2.3,2.2,1.8,1.8,1.6,1.5,1.8,1.8,1.7,1.6,1.7,1.8,1.6,1.5,1.6,1.9,1.9,2.1,2.2,2.0,1.9,2.0,2.0,1.9,1.9,1.8,1.7,1.6,1.4,1.2,1.1,1.0,0.9,0.9,0.6,0.5,0.4,0.3,0.7,1.0,1.0,0.8,1.0,0.8,0.8,0.9,0.8,0.5,0.5,0.5,0.5,0.3,0.1,0.1,0.1,0.2,0.4,0.5,0.5,0.5,0.5,0.4,0.5,0.6,0.8,0.7,0.6,0.6,0.5,0.5,0.7,0.8,0.7,0.7,0.7,0.6,0.5,0.6,0.7,0.7,0.7,0.6,0.5,0.4,0.4,0.3,0.3,0.1,-0.1,-0.4
France,9,https://www.countryflags.io/fr/flat/64.png,8.9,8.9,8.9,9.2,8.7,8.6,8.9,9.3,9.4,9.8,10.2,10.7,10.0,10.0,9.8,9.1,9.3,9.2,9.2,8.9,8.9,9.2,9.0,8.8,8.7,8.7,8.6,9.0,9.1,8.8,8.8,8.7,8.6,8.4,8.6,8.8,9.1,9.1,9.6,10.0,10.0,9.6,9.6,9.7,9.6,10.1,10.5,10.4,10.2,9.9,9.8,9.1,9.1,8.9,8.9,9.1,9.2,9.1,8.9,8.8,8.8,8.8,8.5,8.5,8.6,8.7,8.6,8.7,8.9,9.0,8.7,8.4,8.1,8.2,7.9,7.8,7.3,7.2,7.2,7.0,6.8,6.3,6.1,6.0,6.0,5.8,5.7,5.9,6.4,6.7,7.0,7.5,7.4,7.6,8.1,8.2,8.1,8.0,8.2,8.0,8.0,7.8,7.5,7.5,7.4,7.3,7.4,7.5,7.0,6.7,6.4,6.6,6.6,6.5,6.5,6.5,6.4,6.3,6.2,6.0,5.8,5.7,5.7,5.5,5.7,5.8,5.7,5.7,5.5,5.6,5.5,5.6,5.6,5.3,5.1,5.0,5.0,5.0,5.0,4.9,4.8,4.5,4.2,4.2,4.2,3.9,3.8,3.9,4.1,4.0,4.2,4.5,4.8,5.0,5.2,5.4,5.1,5.3,5.7,5.6,5.4,5.3,5.5,5.3,5.4,5.4,5.4,5.4,5.3,5.0,4.9,4.9,4.8,5.0,5.2,5.2,5.2,5.0,4.9,4.7,4.6,4.9,4.9,5.0,5.2,5.2,5.3,5.1,5.0,4.7,4.5,4.6,4.5,4.4,4.2,4.0,4.1,4.2,3.9,3.7,4.0,4.2,4.2,4.3,4.4,4.3,4.2,4.1,4.0,4.2,4.3,4.4,4.3,4.1,4.1,4.0,3.9,3.6,3.6,3.6,3.8,3.5,3.4,3.2,3.3,3.3,3.1,3.3,3.5,3.4,3.3,3.5,3.7,4.0,4.0,4.0,4.0,3.9,3.8,3.8,3.7,3.8,4.1,4.1,4.0,4.2,4.3,4.6,4.6,4.4,4.4,4.4,4.2,4.4,4.1,4.1,4.0,4.3,4.4,4.7,4.7,4.4,4.4,4.2,4.0,3.5,3.6,3.7,3.6,3.7,3.8,3.9,3.7,3.6,3.6,3.6,3.6,3.5,3.5,3.5,3.4,3.4,3.1,3.1,3.0,2.7,2.7,2.7,3.0,3.3,3.4,3.6,3.6,3.7,3.5,3.4,3.4,3.0,2.6,3.0,3.4,3.2,3.2,3.0,3.0,3.0,2.8,2.6,2.3,2.1,2.2,2.2,2.1,2.0,2.2,2.2,2.1,1.8,1.9,2.2,2.2,2.4,2.5,2.4,2.3,2.3,2.4,2.3,2.2,2.0,1.8,1.7,1.6,1.4,1.4,1.3,1.1,0.9,0.7,0.6,0.5,0.4,0.9,1.2,1.1,1.0,1.0,0.9,0.9,0.9,0.8,0.6,0.5,0.5,0.5,0.4,0.2,0.2,0.2,0.3,0.7,0.7,0.9,1.0,1.0,0.9,0.8,0.7,0.8,0.7,0.7,0.8,0.7,0.7,0.9,1.0,0.8,0.8,0.8,0.8,0.7,0.7,0.8,0.8,0.8,0.7,0.7,0.6,0.4,0.4,0.3,0.1,-0.1,..
Germany,10,https://www.countryflags.io/de/flat/64.png,6.1,6.1,6.1,6.1,6.0,5.8,5.7,6.0,6.3,6.5,6.7,6.9,6.4,6.5,6.5,6.3,6.2,6.3,6.6,6.6,6.7,6.8,6.6,6.4,6.4,6.5,6.7,6.9,7.0,6.9,7.1,6.9,6.8,6.8,7.0,7.2,7.5,7.5,7.6,8.4,8.7,8.7,8.7,8.8,8.6,8.9,9.1,9.1,9.0,8.9,8.9,8.4,8.4,8.4,8.4,8.4,8.6,8.6,8.5,8.4,8.3,8.2,8.0,7.9,8.0,8.0,8.1,8.1,8.1,8.1,7.7,7.5,7.4,7.3,7.2,6.9,6.7,6.7,6.8,6.8,6.6,6.4,6.2,6.0,6.0,5.9,5.8,6.1,6.3,6.5,6.7,7.1,6.9,7.1,7.5,7.5,7.5,7.5,7.6,7.4,7.3,7.1,6.9,6.8,6.9,6.7,6.6,6.6,6.3,6.1,5.9,6.2,6.4,6.4,6.5,6.6,6.5,6.3,6.2,6.0,5.9,5.8,5.8,5.6,5.7,5.9,5.8,5.7,5.6,5.7,5.6,5.6,5.6,5.3,5.1,5.0,4.9,4.9,5.0,4.8,4.7,4.4,4.1,4.1,4.1,3.9,3.7,3.9,4.0,3.9,4.0,4.4,4.7,4.9,5.0,5.3,5.0,5.2,5.5,5.5,5.3,5.2,5.4,5.2,5.3,5.2,5.3,5.2,5.2,4.9,4.8,4.8,4.7,4.8,5.1,5.0,5.0,4.8,4.8,4.6,4.5,4.7,4.9,4.9,5.2,5.2,5.2,5.0,4.9,4.6,4.4,4.5,4.5,4.3,4.2,4.0,4.0,4.2,3.8,3.6,4.0,4.1,4.2,4.2,4.4,4.3,4.2,4.1,3.9,4.1,4.3,4.3,4.2,4.1,4.0,3.9,3.8,3.6,3.6,3.5,3.7,3.5,3.3,3.1,3.2,3.2,3.1,3.2,3.5,3.3,3.3,3.5,3.6,3.9,4.0,4.0,4.0,3.9,3.8,3.8,3.7,3.8,4.0,4.1,3.9,4.2,4.3,4.6,4.5,4.3,4.2,4.3,4.1,4.2,4.0,4.0,3.8,4.0,4.2,4.5,4.5,4.2,4.1,3.9,3.6,3.1,3.1,3.1,3.0,3.1,3.4,3.5,3.3,3.3,3.3,3.2,3.2,3.1,3.3,3.2,3.1,3.1,2.7,2.5,2.6,2.4,2.3,2.4,2.5,2.9,3.0,3.2,3.2,3.3,3.1,2.9,2.7,2.2,1.8,2.0,1.9,1.9,1.8,1.9,1.8,1.6,1.3,1.3,1.2,1.3,1.5,1.5,1.3,1.3,1.5,1.5,1.4,1.2,1.3,1.5,1.6,1.7,1.9,1.8,1.7,1.8,1.8,1.6,1.5,1.5,1.3,1.3,1.1,1.0,0.9,0.8,0.7,0.6,0.4,0.3,0.2,0.1,0.6,0.8,0.7,0.6,0.7,0.5,0.5,0.6,0.4,0.2,0.2,0.1,0.1,-0.0,-0.2,-0.1,-0.1,0.0,0.2,0.3,0.3,0.3,0.4,0.2,0.3,0.3,0.5,0.4,0.4,0.4,0.3,0.3,0.5,0.7,0.5,0.5,0.5,0.3,0.3,0.3,0.4,0.4,0.3,0.2,0.1,0.1,0.0,-0.0,-0.1,-0.3,-0.4,-0.7
Greece,11,https://www.countryflags.io/gr/flat/64.png,..,..,..,..,..,..,..,..,..,..,..,..,..,..,..,..,..,..,..,..,..,..,..,..,..,..,..,..,..,..,..,..,..,..,..,..,..,..,..,..,..,..,..,..,..,..,..,..,..,..,..,..,..,..,..,..,..,..,..,..,..,..,..,..,..,..,..,..,..,..,..,..,..,..,..,..,..,..,..,..,..,..,..,..,..,..,..,..,..,..,..,..,..,..,..,..,..,..,..,..,..,..,..,..,..,..,..,..,..,..,..,..,..,..,..,..,..,..,..,..,..,..,..,..,..,..,..,9.2,9.4,9.6,9.4,9.3,10.8,10.5,11.0,11.0,9.3,8.1,7.9,7.7,7.7,7.6,8.3,8.5,7.7,7.2,6.3,6.0,6.0,5.9,5.8,6.0,6.4,6.7,6.6,7.0,6.6,6.4,6.6,6.5,6.2,6.1,6.2,6.1,6.1,6.0,6.1,6.0,5.9,5.5,5.4,5.4,5.3,5.4,5.5,5.5,5.5,5.3,5.3,5.1,4.9,5.1,5.2,5.3,5.5,5.5,5.5,5.4,5.2,5.0,4.7,4.8,4.8,4.6,4.4,4.2,4.3,4.4,4.0,3.8,4.1,4.3,4.3,4.4,4.5,4.5,4.4,4.4,4.2,4.4,4.5,4.6,4.4,4.3,4.2,4.1,4.0,3.8,3.7,3.7,3.9,3.8,3.6,3.4,3.5,3.5,3.3,3.5,3.7,3.6,3.6,3.8,4.0,4.2,4.3,4.3,4.3,4.2,4.1,4.1,4.0,4.0,4.3,4.3,4.2,4.4,4.5,4.8,4.8,4.6,4.6,4.6,4.4,4.5,4.4,4.4,4.4,4.5,4.7,5.2,5.2,4.9,4.9,4.9,5.1,5.1,5.6,5.7,5.9,5.5,5.2,5.3,4.9,4.5,4.6,4.6,4.8,5.5,6.0,6.5,6.2,7.8,8.0,9.1,10.3,10.7,11.3,9.6,11.5,12.0,11.7,11.4,12.4,13.9,15.9,16.7,16.2,15.9,17.8,18.0,17.9,21.1,25.9,29.2,19.1,21.5,26.9,27.8,25.8,24.3,20.9,18.0,17.2,13.3,11.1,11.0,11.4,11.6,9.1,10.1,10.5,10.0,10.2,8.7,8.4,8.7,8.2,7.7,6.9,6.2,6.4,5.9,6.1,6.1,5.9,7.3,8.1,8.4,9.5,9.7,10.5,12.0,11.0,11.4,..,10.3,8.5,7.8,7.4,8.2,9.1,10.4,9.1,9.0,7.6,7.9,8.0,8.2,8.3,8.3,7.3,6.9,7.0,7.5,7.2,6.7,5.9,5.8,5.3,5.6,5.6,5.6,5.2,4.4,3.8,4.1,4.3,4.0,4.3,4.4,3.9,4.2,4.2,4.4,4.4,4.3,4.2,3.8,3.8,3.4,3.4,2.7,2.2,..
Hungary,12,https://www.countryflags.io/hu/flat/64.png,..,..,..,..,..,..,..,..,..,..,..,..,..,..,..,..,..,..,..,..,..,..,..,..,..,..,..,..,..,..,..,..,..,..,..,..,..,..,..,..,..,..,..,..,..,..,..,..,..,..,..,..,..,..,..,..,..,..,..,..,..,..,..,..,..,..,..,..,..,..,..,..,..,..,..,..,..,..,..,..,..,..,..,..,..,..,..,..,..,..,..,..,..,..,..,..,..,..,..,..,..,..,..,..,..,..,..,..,..,..,..,..,..,..,..,..,..,..,..,..,..,..,..,..,..,..,..,..,..,..,..,..,..,..,..,..,..,..,..,..,..,..,..,..,..,..,..,9.3,9.7,9.7,9.7,10.0,10.1,10.3,10.8,10.5,9.7,9.2,9.0,8.5,8.1,8.4,8.7,8.6,8.3,8.1,8.2,9.0,9.1,8.7,8.1,8.3,8.6,8.6,8.1,7.8,7.8,7.8,7.9,8.0,7.4,7.1,6.8,6.8,7.0,6.8,7.1,7.6,7.7,7.5,7.4,7.2,6.8,6.5,6.5,6.4,6.6,6.3,6.0,6.1,6.8,7.1,7.2,6.9,7.3,8.2,8.1,8.8,8.2,8.2,8.4,8.5,8.4,8.4,8.7,8.5,8.0,7.5,7.4,6.6,7.1,6.8,7.0,6.7,6.3,5.9,5.4,6.2,6.8,6.9,6.7,6.7,7.0,7.0,6.9,7.3,7.6,7.5,7.6,7.5,7.0,6.8,7.0,7.0,6.8,6.7,6.5,6.7,6.6,6.8,6.7,6.6,6.7,6.9,7.1,7.6,8.4,8.0,8.1,8.5,8.1,7.8,8.0,9.6,9.4,8.3,8.8,10.7,11.7,10.6,10.0,10.2,8.8,8.4,7.9,7.5,7.4,7.7,7.6,7.7,7.2,6.6,7.1,7.6,7.4,7.1,7.0,6.9,7.4,7.9,7.7,7.4,7.3,7.1,7.1,7.2,7.4,7.5,7.6,7.9,8.5,9.0,9.5,8.6,8.7,8.8,8.3,8.3,7.6,7.4,7.3,6.9,6.9,6.4,6.2,6.3,6.4,5.7,5.1,6.0,5.8,6.3,6.2,5.6,5.8,5.8,5.6,6.0,5.8,5.6,5.0,4.5,4.3,4.7,4.6,4.2,3.7,3.6,3.2,3.1,3.3,3.3,3.6,3.9,3.7,3.6,3.5,3.3,3.3,3.5,3.4,3.4,3.1,3.0,3.4,3.3,2.9,2.8,2.9,2.9,3.4,3.3,3.4,3.5,3.5,3.3,3.1,3.0,3.1,3.1,2.8,2.6,2.2,2.1,2.1,2.6,2.6,2.5,2.9,3.4,3.4,3.4,3.6,3.7,3.5,3.2,2.9,2.7,3.0,3.1,3.2,2.7,2.3,1.8
Iceland,13,https://www.countryflags.io/is/flat/64.png,..,..,..,..,..,..,..,..,..,..,..,..,..,..,..,..,..,..,..,..,..,..,..,..,..,..,..,..,..,..,..,..,..,..,..,..,..,..,..,..,..,..,..,..,..,..,..,..,..,..,..,..,..,..,..,..,..,..,..,..,..,..,..,..,..,..,..,..,..,..,..,..,..,..,..,..,..,..,..,..,..,..,..,..,7.5,6.6,6.1,5.9,6.0,6.1,6.1,7.0,7.4,7.3,7.3,7.9,8.1,8.7,9.2,9.0,8.8,8.7,9.1,9.7,9.6,9.6,10.4,10.6,10.5,10.6,10.5,10.3,9.5,8.6,8.9,8.7,8.6,8.7,8.9,9.6,9.2,9.4,9.8,9.5,9.3,9.3,8.9,8.6,7.9,8.1,8.2,8.3,8.2,8.3,8.4,8.1,7.6,7.5,7.6,7.7,7.8,7.7,7.4,7.3,7.4,7.5,7.1,7.8,7.9,8.2,8.4,8.5,8.3,8.7,9.2,9.3,9.0,9.6,10.2,10.2,10.5,10.7,11.1,11.2,11.8,11.7,10.9,12.2,12.2,11.7,11.0,11.0,9.9,10.9,11.2,11.4,10.7,10.0,9.1,9.3,10.1,9.7,9.5,9.3,9.1,8.6,8.6,8.3,8.2,7.5,7.0,6.6,6.5,6.5,6.3,6.3,5.7,7.0,6.6,6.8,6.8,6.5,6.3,6.9,7.1,7.5,7.3,7.0,6.8,6.8,7.6,7.6,7.7,7.7,7.6,7.7,8.0,8.1,8.4,8.6,8.8,9.0,9.1,9.1,9.0,9.0,9.0,7.8,8.0,7.9,8.3,8.0,9.1,10.4,9.9,10.3,8.9,8.0,7.8,8.0,8.4,8.9,8.3,8.8,9.1,9.2,9.2,9.1,9.5,9.6,9.5,10.2,10.4,10.2,9.5,9.8,12.3,11.7,9.6,10.2,10.7,10.6,9.0,15.0,13.4,10.8,9.1,9.2,8.8,8.1,7.3,8.4,8.6,8.1,8.1,7.7,7.9,7.8,7.7,7.4,6.8,6.5,6.1,5.7,5.6,5.1,5.8,6.3,5.3,5.0,5.0,5.4,5.4,5.8,6.9,6.4,6.6,6.7,6.2,6.0,5.6,5.8,6.1,6.3,6.5,6.7,6.4,6.3,6.1,6.0,6.2,5.9,5.9,6.0,5.5,5.4,5.7,5.6,5.6,5.6,5.8,5.9,6.0,5.8,6.2,6.4,6.3,6.6,6.3,6.2,6.4,6.8,6.7,6.6,6.4,6.5,5.9,5.7,5.9,5.8,6.7,6.8,7.3,7.0,6.6,6.1,5.7,5.3,6.0,5.8,6.0,5.8,5.8,5.8,5.9,6.2,5.9,5.2,5.3,5.2,5.2,5.0,5.2,4.9,4.9,4.9,4.7,4.6,4.7,4.9,5.1,4.8,4.7,4.9,5.0,5.0,5.0,5.1,5.1,5.2,5.3,5.5,5.7,6.0,5.7,5.4,5.2,5.2,4.5,4.1,3.9,3.8,3.9,..
Ireland,14,https://www.countryflags.io/ie/flat/64.png,12.5,12.5,12.5,12.7,12.0,10.9,10.6,10.9,11.1,11.7,11.2,10.8,10.3,10.5,10.3,10.1,9.8,9.5,9.6,9.5,9.4,9.2,9.1,8.6,8.7,8.5,8.5,9.0,8.8,9.1,9.5,9.3,8.6,9.2,9.2,9.6,9.7,9.6,9.7,10.4,11.0,10.4,10.2,10.0,9.7,10.3,10.7,10.5,10.3,10.1,10.1,9.6,9.4,9.3,9.3,9.2,9.4,9.4,9.3,9.2,9.2,9.2,8.9,8.8,9.0,9.0,8.8,9.0,9.2,9.2,9.9,9.5,10.4,10.1,9.7,9.1,8.3,8.1,7.8,7.3,7.3,7.0,7.0,6.6,6.5,6.3,6.1,6.7,7.3,7.7,8.5,8.6,8.4,8.4,8.9,8.6,8.4,8.8,8.7,8.7,8.9,8.7,8.1,8.6,8.3,8.1,8.1,7.9,7.4,7.3,7.2,7.7,7.9,7.4,7.6,7.5,7.5,7.5,6.9,6.8,6.5,6.6,6.5,6.3,6.8,6.6,6.6,6.4,6.2,6.3,5.9,6.0,5.8,5.5,5.3,5.2,5.1,5.2,5.1,5.0,4.9,4.6,4.2,4.4,4.2,4.0,3.8,4.2,4.1,3.9,4.3,4.8,5.1,5.2,5.4,5.4,5.5,5.6,5.8,5.8,5.5,5.5,5.5,5.5,5.5,5.6,5.5,5.5,5.2,5.1,5.0,5.0,5.0,5.3,5.4,5.3,5.1,5.0,5.0,4.5,4.7,5.1,5.2,5.2,5.5,5.4,5.4,5.2,5.0,4.8,4.5,4.7,4.6,4.3,4.2,4.0,4.1,4.2,3.8,3.8,4.2,4.2,4.0,4.3,4.4,4.3,4.3,4.1,4.0,4.2,4.3,4.4,4.2,4.0,4.0,3.9,3.8,3.7,3.5,3.7,3.6,3.4,3.2,3.1,3.2,3.1,3.1,3.3,3.4,3.3,3.5,3.5,3.8,4.0,3.9,4.1,3.9,3.8,3.7,3.8,3.7,4.0,4.1,4.0,4.1,4.2,4.4,4.6,4.5,4.4,4.4,4.4,4.4,4.5,4.2,4.2,4.3,4.6,4.7,5.0,4.8,4.6,4.6,4.6,4.6,4.6,5.7,5.8,5.5,5.3,5.5,5.8,5.0,4.9,4.7,4.8,4.9,4.9,4.8,4.6,4.5,5.2,4.7,5.5,5.0,5.7,6.6,6.9,9.3,9.1,9.2,9.3,10.2,10.5,11.0,11.7,10.9,8.6,7.6,8.2,9.3,8.5,7.3,7.0,6.8,6.8,7.2,6.3,6.0,5.9,5.0,4.7,4.4,4.5,4.1,3.8,4.2,3.5,3.9,4.1,3.9,4.2,3.9,3.5,3.5,3.5,3.3,3.1,3.0,2.8,2.6,2.4,2.2,1.8,1.7,1.7,1.4,1.3,1.2,0.9,0.8,0.9,1.3,1.3,1.2,1.5,1.2,1.1,1.0,1.2,1.0,0.9,0.7,1.0,0.8,0.5,0.4,0.4,0.3,0.6,0.9,0.7,1.2,0.9,1.0,0.8,0.8,0.9,0.8,0.7,0.7,0.6,0.6,0.7,1.1,1.1,0.9,1.0,0.9,0.8,0.9,0.9,1.0,1.0,0.9,0.9,0.9,0.8,0.6,0.5,0.4,0.2,0.1,-0.1
Israel,15,https://www.countryflags.io/il/flat/64.png,..,..,..,..,..,..,..,..,..,..,..,..,..,..,..,..,..,..,..,..,..,..,..,..,..,..,..,..,..,..,..,..,..,..,..,..,..,..,..,..,..,..,..,..,..,..,..,..,..,..,..,..,..,..,..,..,..,..,..,..,..,..,..,..,..,..,..,..,..,..,..,..,..,..,..,..,..,..,..,..,..,..,..,..,..,..,..,..,..,..,..,..,..,..,..,..,..,..,..,..,..,..,..,..,..,..,..,..,..,..,..,..,..,..,..,..,..,..,..,..,..,..,4.4,4.2,4.2,4.3,4.2,4.0,3.9,3.8,3.9,3.9,4.0,4.2,4.6,4.8,5.0,4.9,5.0,5.2,5.3,4.7,4.7,4.8,5.0,5.2,5.3,5.3,5.1,5.1,5.1,5.2,5.2,5.2,5.3,5.3,5.3,5.2,5.3,5.3,5.2,5.2,5.2,5.3,5.5,5.7,5.8,5.6,5.7,5.8,5.6,5.4,5.2,5.1,6.5,6.4,6.6,7.3,8.1,7.5,6.9,6.6,6.5,6.7,7.0,8.1,9.1,10.4,9.3,9.3,10.4,11.7,11.5,10.8,11.4,11.7,10.7,9.5,8.5,7.9,8.0,8.6,8.3,7.6,7.3,7.1,7.0,7.4,7.4,7.6,7.9,7.8,7.8,7.9,7.7,7.6,7.4,7.2,6.9,6.7,6.6,6.6,6.3,6.2,6.3,6.1,6.0,6.1,6.3,6.2,6.2,6.4,6.5,6.6,6.5,6.5,6.5,6.5,6.5,6.1,5.9,5.7,5.6,5.4,5.3,5.1,4.9,5.4,5.7,6.1,6.0,5.7,5.6,6.0,6.0,5.8,5.7,5.8,5.9,6.1,6.2,6.0,6.0,6.1,6.4,5.3,5.1,4.7,4.7,4.7,5.3,5.5,5.3,5.3,5.1,5.0,5.0,5.1,5.1,5.0,4.9,5.0,4.9,4.7,4.6,4.3,4.4,4.3,4.5,4.7,4.8,5.0,5.2,5.4,5.3,5.3,5.2,4.9,4.7,4.6,4.7,4.6,4.5,4.6,4.7,4.7,4.5,4.4,4.1,4.3,4.5,4.4,4.2,4.0,4.0,4.1,4.0,3.7,3.6,3.8,3.8,3.9,3.9,3.7,3.6,3.6,3.7,3.6,3.4,3.4,3.1,2.9,2.8,2.6,2.5,2.2,2.2,2.4,2.0,1.8,1.6,1.5,2.0,2.4,2.5,2.3,2.3,2.1,2.2,2.2,2.0,1.9,1.9,1.8,1.8,1.8,1.7,1.7,1.8,1.8,2.1,2.2,2.2,2.2,2.1,2.1,2.2,2.0,2.0,1.8,1.7,1.6,1.6,1.6,1.6,1.8,1.6,1.7,1.9,1.9,2.2,2.2,2.2,2.3,2.3,2.4,2.2,2.0,2.0,1.9,1.8,1.6,1.4,1.0
Italy,16,https://www.countryflags.io/it/flat/64.png,..,..,..,..,..,..,..,..,..,..,..,..,..,..,..,..,..,..,..,..,..,..,..,..,..,..,..,..,..,..,..,..,..,..,..,..,..,..,..,..,..,..,..,..,..,..,..,..,..,..,..,..,13.8,13.4,13.1,13.1,13.3,13.4,13.0,12.8,12.9,13.0,12.7,12.6,12.6,12.7,12.6,13.1,13.6,13.7,14.1,14.4,13.5,13.7,13.4,13.1,12.9,13.1,12.5,11.7,11.1,9.8,9.5,9.0,9.3,8.9,8.7,8.8,9.4,9.0,9.4,10.5,10.8,11.5,11.9,12.1,12.0,12.2,12.4,12.4,13.5,13.4,12.3,12.4,12.2,11.7,11.5,12.0,11.6,11.2,10.4,10.5,10.7,10.3,9.7,9.6,9.4,9.5,9.2,8.2,7.7,7.6,7.4,7.4,7.9,7.7,7.3,7.1,6.5,6.7,6.4,6.2,6.1,5.7,5.4,5.4,5.2,5.1,5.2,5.1,5.0,4.8,4.5,4.5,4.4,4.0,3.9,4.1,4.3,4.1,4.3,4.6,4.9,5.1,5.3,5.5,5.3,5.4,5.8,5.7,5.6,5.5,5.7,5.5,5.6,5.6,5.6,5.6,5.6,5.3,5.2,5.2,5.1,5.3,5.4,5.4,5.4,5.2,5.2,5.0,4.8,5.1,5.1,5.2,5.4,5.4,5.4,5.3,5.1,4.8,4.6,4.8,4.7,4.6,4.4,4.2,4.2,4.3,4.0,4.1,4.3,4.3,4.4,4.4,4.5,4.5,4.3,4.3,4.2,4.4,4.5,4.5,4.4,4.3,4.3,4.1,4.0,3.8,3.7,3.7,3.8,3.7,3.6,3.4,3.4,3.4,3.3,3.4,3.7,3.6,3.5,3.7,3.9,4.2,4.3,4.3,4.3,4.2,4.0,4.1,4.0,4.0,4.3,4.3,4.2,4.4,4.5,4.8,4.8,4.6,4.6,4.6,4.4,4.5,4.4,4.4,4.4,4.5,4.7,5.1,5.1,4.8,4.8,4.8,4.7,4.5,4.6,4.5,4.5,4.4,4.4,4.6,4.4,4.1,4.1,4.1,4.1,4.0,4.1,4.0,3.9,4.0,4.0,4.1,4.0,3.8,3.9,3.8,4.2,4.6,4.7,4.7,4.9,4.8,4.8,4.8,5.5,5.3,5.7,6.0,7.1,6.8,6.5,5.5,5.0,5.7,5.8,5.9,6.0,5.8,5.3,5.0,4.9,4.5,4.2,4.5,4.6,4.3,4.0,4.4,4.4,4.4,4.5,4.2,4.1,4.1,3.9,3.7,3.4,3.2,3.1,2.9,2.8,2.6,2.4,2.4,2.3,2.0,1.7,1.6,1.3,1.4,1.8,2.2,2.0,1.8,1.9,1.7,1.6,1.6,1.5,1.6,1.4,1.4,1.5,1.5,1.2,1.2,1.3,1.5,1.9,1.9,2.0,2.4,2.4,2.3,2.2,2.1,2.2,2.1,2.1,2.1,1.8,1.8,2.0,2.1,2.0,1.8,2.2,2.7,2.6,3.2,3.0,3.5,3.4,3.0,2.8,2.8,2.7,2.6,2.6,2.3,1.7,1.4
Japan,17,https://www.countryflags.io/jp/flat/64.png,..,..,..,..,..,..,..,..,..,..,..,..,..,..,..,..,..,..,..,..,..,..,..,..,..,..,4.8,4.9,5.1,5.2,5.2,5.2,5.0,4.9,5.1,5.2,5.4,5.5,6.4,6.8,6.9,6.9,6.5,6.4,6.8,7.6,8.0,7.6,7.1,6.5,6.4,6.3,6.6,6.6,6.6,6.7,6.7,6.4,6.1,5.9,5.9,5.7,5.4,5.6,5.5,5.7,5.7,5.6,5.4,5.1,5.0,5.0,4.9,4.8,4.7,4.4,4.3,4.6,4.9,4.8,4.5,4.4,4.0,3.9,3.8,3.4,3.6,4.0,4.5,4.1,4.0,4.3,4.5,4.8,4.6,4.7,4.7,4.6,4.6,4.5,4.1,3.5,3.4,3.0,2.9,3.2,3.0,2.9,3.0,3.0,3.1,3.3,3.3,3.3,3.4,3.3,3.3,3.2,2.9,2.8,2.8,2.6,2.6,2.6,2.5,2.4,2.7,2.7,2.5,2.4,2.2,2.0,1.9,1.9,1.9,2.0,1.9,1.9,1.7,1.5,1.7,1.5,1.1,0.9,1.0,1.5,1.9,2.1,1.8,1.6,1.3,1.6,1.7,1.9,1.8,1.7,1.8,1.8,1.7,1.8,1.8,1.7,1.7,1.7,1.7,1.8,1.9,1.8,1.8,1.6,1.5,1.4,1.2,1.3,1.3,1.2,1.3,1.3,1.3,1.4,1.3,1.3,1.4,1.5,1.4,1.4,1.4,1.3,1.3,1.3,1.1,1.1,1.0,1.0,0.8,0.8,0.7,0.7,0.6,0.5,1.0,1.4,1.4,1.4,1.3,1.3,1.3,1.2,1.4,1.5,1.5,1.8,1.8,1.6,1.4,1.5,1.5,1.4,1.3,1.4,1.3,1.3,1.2,1.1,1.3,1.4,1.5,1.5,1.5,1.5,1.5,1.6,1.8,2.0,1.8,1.9,1.9,1.7,1.6,1.7,1.7,1.6,1.7,1.6,1.6,1.7,1.7,1.9,1.8,1.6,1.7,1.6,1.5,1.5,1.4,1.4,1.2,1.6,1.8,1.6,1.5,1.4,1.5,1.5,1.4,1.2,1.3,1.3,1.3,1.4,1.5,1.4,1.4,1.3,1.3,1.4,1.3,1.3,1.3,1.3,1.4,1.3,1.3,1.1,1.1,1.0,0.9,0.9,1.2,1.1,1.2,1.2,1.2,1.2,1.1,1.1,1.1,1.0,1.0,1.0,1.1,1.0,1.0,1.0,1.0,0.9,0.8,0.8,0.8,0.8,0.8,0.8,0.7,0.8,0.8,0.7,0.5,0.6,0.9,0.8,0.8,0.7,0.7,0.6,0.6,0.7,0.6,0.6,0.6,0.6,0.6,0.5,0.5,0.5,0.5,0.5,0.4,0.3,0.3,0.3,0.4,0.3,0.4,0.5,0.4,0.4,0.4,0.3,0.3,0.3,0.1,-0.1,-0.1,-0.1,-0.1,-0.2,-0.2,-0.1,-0.1,-0.1,0.0,0.0,0.1,0.1,0.1,0.0,0.0,0.1,0.1,0.0,0.1,0.1,0.0,0.0,0.1,0.0,0.0,0.1,0.0,0.0,0.1,0.1,0.1,0.1,0.1,-0.0,0.0,-0.0,-0.1,-0.0,-0.1,-0.2,-0.2,-0.3
Korea,18,https://www.countryflags.io/kr/flat/64.png,..,..,..,..,..,..,..,..,..,..,..,..,..,..,..,..,..,..,..,..,..,..,..,..,..,..,..,..,..,..,..,..,..,..,..,..,..,..,..,..,..,..,..,..,..,..,..,..,..,..,..,..,..,..,..,..,..,..,..,..,..,..,..,..,..,..,..,..,..,..,..,..,..,..,..,..,..,..,..,..,..,..,..,..,..,..,..,..,..,..,..,..,..,..,..,..,..,..,..,..,..,..,..,..,..,..,..,..,..,..,..,..,..,..,..,..,..,..,..,..,..,..,..,..,..,..,..,..,..,..,..,..,..,..,..,..,..,..,..,..,..,..,..,..,..,..,..,..,..,..,..,..,..,..,..,..,..,..,..,..,..,..,..,..,..,..,..,8.3,7.9,7.2,6.7,6.4,7.0,7.7,7.6,7.1,6.8,6.3,6.2,6.5,6.9,7.0,7.1,7.0,7.2,7.3,7.1,6.8,6.5,6.2,6.2,6.1,5.8,5.8,5.4,5.2,5.2,5.0,4.7,4.5,5.0,5.3,4.8,4.9,5.4,5.4,5.4,5.4,5.3,5.3,5.2,5.0,4.9,4.3,4.1,4.1,4.0,3.9,4.4,4.9,4.8,4.7,4.4,4.5,4.9,5.1,5.2,5.4,5.7,5.6,5.6,5.3,5.4,5.5,5.2,5.3,5.2,4.9,4.9,4.8,4.9,5.0,5.0,5.0,4.9,5.1,5.2,5.5,5.5,5.4,5.5,5.6,5.6,5.8,5.6,5.3,5.4,5.2,5.5,5.9,6.0,5.9,6.0,5.5,5.7,4.9,4.4,5.2,5.0,4.9,5.1,5.3,5.2,5.4,5.4,5.5,5.4,5.3,5.4,5.3,4.9,4.9,5.0,4.9,4.9,4.7,4.3,4.1,4.5,4.5,4.7,4.8,4.5,4.5,4.3,4.2,4.2,4.0,3.8,3.9,3.8,3.8,3.8,3.8,4.0,3.9,3.8,3.6,3.3,3.1,3.1,3.0,3.0,3.1,3.1,3.0,2.9,2.8,2.9,3.3,3.5,3.6,3.5,3.4,3.6,3.7,3.6,3.5,3.5,3.5,3.4,3.3,3.1,3.1,3.0,2.8,2.7,2.7,2.4,2.3,2.3,2.2,2.5,2.5,2.5,2.3,2.2,2.1,2.3,2.2,2.0,1.8,1.9,1.8,1.8,1.6,1.4,1.4,1.5,1.6,2.0,2.2,2.1,2.2,2.2,2.2,2.3,2.2,2.3,2.3,2.3,2.5,2.5,2.5,2.6,2.8,2.7,2.7,2.8,2.7,2.5,2.5,2.3,2.3,2.2,2.0,2.0,2.0,2.0,1.9,1.8,1.6,1.5,1.3
Latvia,19,https://www.countryflags.io/lv/flat/64.png,..,..,..,..,..,..,..,..,..,..,..,..,..,..,..,..,..,..,..,..,..,..,..,..,..,..,..,..,..,..,..,..,..,..,..,..,..,..,..,..,..,..,..,..,..,..,..,..,..,..,..,..,..,..,..,..,..,..,..,..,..,..,..,..,..,..,..,..,..,..,..,..,..,..,..,..,..,..,..,..,..,..,..,..,..,..,..,..,..,..,..,..,..,..,..,..,..,..,..,..,..,..,..,..,..,..,..,..,..,..,..,..,..,..,..,..,..,..,..,..,..,..,..,..,..,..,..,..,..,..,..,..,..,..,..,..,..,..,..,..,..,..,..,..,..,..,..,..,..,..,..,..,..,..,..,..,..,..,..,..,..,..,..,..,..,..,..,..,..,..,7.6,7.8,7.9,7.9,7.5,7.6,7.8,7.7,7.6,7.5,7.1,6.9,6.4,6.0,5.8,5.8,5.6,5.4,5.3,5.3,5.1,4.9,4.8,4.5,4.6,4.8,5.0,5.0,5.0,4.9,4.8,4.8,5.0,5.0,5.0,5.1,5.1,5.1,5.0,4.9,5.0,4.9,4.9,4.9,4.9,4.6,4.6,4.6,4.3,4.0,3.9,3.9,3.9,3.9,3.9,3.9,3.9,3.9,3.6,3.6,3.6,3.6,3.6,3.6,3.6,4.1,4.3,4.4,4.4,4.6,5.0,4.9,4.9,5.1,5.1,5.5,6.0,5.6,5.3,5.3,5.2,5.1,5.1,5.1,5.7,5.1,5.3,5.9,5.9,6.3,6.6,6.6,6.6,6.6,7.6,9.0,10.6,11.5,11.3,11.2,11.1,12.8,12.8,12.8,13.3,13.5,13.8,13.8,13.8,13.6,10.5,10.1,10.1,10.1,10.0,10.0,10.0,9.2,9.0,7.6,5.4,6.2,6.5,6.5,6.4,5.9,5.7,5.6,5.6,5.6,5.7,5.9,5.7,5.5,5.2,5.1,5.2,5.1,4.7,4.5,3.9,3.5,3.3,3.2,3.2,3.2,3.2,3.2,3.1,3.2,3.3,3.3,3.5,3.8,3.7,3.6,3.5,3.1,2.9,2.8,2.7,2.5,2.4,2.4,2.3,2.2,1.8,1.6,1.1,0.8,0.6,0.4,0.8,1.3,1.3,1.0,1.0,1.1,1.2,1.1,1.1,0.9,0.7,0.6,0.5,0.5,0.3,0.1,0.1,0.2,0.6,0.9,0.9,1.0,0.9,0.9,0.9,0.9,1.0,0.9,0.7,0.7,0.7,0.6,0.6,0.8,0.8,0.8,0.9,0.9,1.1,1.0,0.9,1.0,1.1,1.1,1.0,0.8,0.7,0.6,0.5,0.3,0.2,..
Lithuania,20,https://www.countryflags.io/lt/flat/64.png,..,..,..,..,..,..,..,..,..,..,..,..,..,..,..,..,..,..,..,..,..,..,..,..,..,..,..,..,..,..,..,..,..,..,..,..,..,..,..,..,..,..,..,..,..,..,..,..,..,..,..,..,..,..,..,..,..,..,..,..,..,..,..,..,..,..,..,..,..,..,..,..,..,..,..,..,..,..,..,..,..,..,..,..,..,..,..,..,..,..,..,..,..,..,..,..,..,..,..,..,..,..,..,..,..,..,..,..,..,..,..,..,..,..,..,..,..,..,..,..,..,..,..,..,..,..,..,..,..,..,..,..,..,..,..,..,..,..,..,..,..,..,..,..,..,..,..,..,..,..,..,..,..,..,..,..,..,..,..,..,..,..,..,..,..,..,..,..,..,..,9.3,9.8,8.6,8.5,8.5,8.5,8.5,8.0,8.0,7.6,6.3,6.3,6.5,6.4,5.9,6.2,6.2,6.1,6.0,6.0,5.9,5.9,5.9,5.9,5.9,5.7,5.7,5.7,5.6,5.5,5.4,5.0,5.0,4.8,4.8,4.8,4.8,4.8,4.6,4.6,4.5,4.5,4.6,4.6,4.6,4.4,4.3,4.0,3.9,3.8,3.7,3.8,3.9,3.8,3.6,3.5,3.5,3.5,3.6,3.8,3.6,3.5,3.8,3.9,4.1,4.3,4.3,4.3,4.3,4.3,4.3,4.3,4.3,4.3,4.2,4.2,4.4,4.6,4.9,4.8,4.7,4.7,4.6,4.9,4.7,4.5,4.4,4.6,4.8,5.3,5.5,5.5,5.5,5.4,8.2,9.0,14.0,14.5,14.5,14.5,14.5,14.5,14.5,14.5,14.5,14.5,14.5,9.1,8.2,7.2,5.2,5.2,5.2,5.2,5.2,5.2,5.2,5.2,5.2,5.2,5.2,5.2,5.2,5.1,5.1,5.1,5.1,5.1,5.1,5.1,5.3,5.8,5.4,5.2,5.3,5.3,5.3,5.0,4.8,4.8,4.5,4.3,4.1,4.0,4.0,4.1,4.2,4.0,3.5,3.5,3.5,3.7,3.9,4.0,4.0,3.7,3.4,3.3,3.3,3.3,3.0,2.9,2.9,2.6,2.4,2.3,2.2,1.9,1.7,1.2,1.1,0.6,1.0,1.4,1.6,1.6,1.6,1.6,1.6,1.5,1.5,1.4,1.4,1.3,0.9,0.9,0.9,0.9,0.8,0.3,0.3,0.3,0.3,0.3,0.3,0.3,0.3,0.3,0.3,0.3,0.3,0.3,0.3,0.3,0.3,0.3,0.3,0.3,0.3,0.3,0.3,0.3,0.3,0.3,0.3,0.3,0.3,0.3,0.3,0.3,0.3,0.3,0.3,..
Luxembourg,21,https://www.countryflags.io/lu/flat/64.png,..,..,..,..,..,..,..,..,..,..,..,..,..,..,..,..,..,..,..,..,..,..,..,..,..,..,..,..,..,..,..,..,..,..,..,..,..,..,..,..,..,..,..,..,..,..,..,..,..,..,..,..,..,..,..,..,..,..,..,..,..,..,..,..,..,..,..,..,..,..,..,..,..,..,..,..,..,..,..,..,..,..,..,6.7,6.5,6.3,6.3,6.4,6.7,7.0,7.1,7.2,7.1,7.1,7.3,8.0,7.9,7.7,7.8,7.8,7.7,7.5,7.4,7.1,7.1,7.1,6.9,6.8,6.8,6.7,6.4,6.1,6.7,6.6,6.5,6.5,6.5,6.4,6.3,5.9,5.9,5.8,5.7,5.5,5.6,5.7,5.6,5.7,5.6,5.6,5.6,5.6,5.6,5.4,5.2,5.1,5.0,5.0,5.1,4.9,4.8,4.6,4.4,4.3,4.3,4.1,3.9,3.9,4.2,4.0,4.2,4.4,4.9,5.2,5.3,5.5,5.3,5.3,5.7,5.7,5.6,5.4,5.6,5.4,5.6,5.5,5.6,5.5,5.6,5.2,5.1,5.1,4.9,5.1,5.3,5.2,5.1,4.8,4.7,4.4,4.3,4.5,4.8,4.9,5.2,5.2,5.2,5.1,4.9,4.5,4.3,4.1,4.1,4.0,3.6,3.6,3.6,3.6,3.6,2.8,2.9,3.2,3.2,3.2,3.4,3.3,3.0,2.9,2.7,2.8,3.0,3.1,3.0,2.9,2.8,2.7,2.6,2.5,2.5,2.6,2.6,2.5,2.3,2.1,2.2,2.2,2.2,2.4,2.7,2.7,2.8,2.8,2.8,2.8,3.1,3.4,3.5,3.6,3.7,3.7,3.7,3.8,3.8,3.9,4.0,4.3,4.6,..,..,..,..,..,..,..,..,..,..,..,..,..,..,..,..,..,..,..,..,..,..,..,..,..,..,..,..,..,..,..,..,..,..,..,3.2,3.0,3.0,2.7,2.7,2.7,2.9,3.3,3.3,3.5,3.5,3.6,3.3,3.1,3.0,2.6,2.3,2.4,2.3,2.3,2.1,2.0,2.4,2.2,1.9,1.8,1.7,1.7,1.6,1.6,1.5,1.4,1.6,1.7,1.5,1.4,1.5,1.8,2.0,2.2,2.3,2.1,2.0,2.1,2.1,1.9,1.8,1.7,1.6,1.4,1.3,1.1,1.0,0.9,0.8,0.6,0.5,0.3,0.2,0.1,0.4,0.6,0.6,0.4,0.4,0.3,0.3,0.3,0.2,-0.0,-0.1,-0.1,-0.1,-0.2,-0.4,-0.4,-0.4,-0.3,-0.1,-0.1,-0.1,0.6,0.6,0.5,0.6,0.5,0.7,0.6,0.6,0.6,0.5,0.5,0.6,0.8,0.7,0.6,0.6,0.5,0.5,0.5,0.5,0.6,0.5,0.4,0.4,0.3,0.2,0.1,0.0,-0.2,-0.3,..
Mexico,22,https://www.countryflags.io/mx/flat/64.png,..,..,..,..,..,..,..,..,..,..,..,..,..,..,..,..,..,..,..,..,..,..,..,..,..,..,..,..,..,..,..,..,..,..,..,..,..,..,..,..,..,..,..,..,..,..,..,..,..,..,..,..,..,..,..,..,..,..,..,..,..,..,..,..,..,..,..,..,..,..,..,..,..,..,..,..,..,..,..,..,..,..,..,..,..,..,..,..,..,..,..,..,..,..,..,..,..,..,..,..,..,..,..,..,..,..,..,..,..,..,..,..,..,..,..,..,..,..,..,..,..,..,..,..,..,..,..,..,..,..,..,..,..,..,..,..,..,..,..,..,..,..,..,..,..,..,..,..,..,..,..,..,..,..,..,..,..,..,..,..,..,..,..,..,..,..,..,..,..,..,..,..,..,..,..,..,10.9,..,..,11.1,..,10.3,10.0,9.9,9.7,9.9,9.2,10.0,10.2,10.2,10.2,11.2,11.0,10.1,10.1,10.1,10.6,9.5,8.5,8.1,8.7,8.9,8.4,8.2,8.4,8.3,8.3,8.4,8.6,8.9,10.1,10.3,9.8,10.0,10.3,9.7,10.4,9.7,10.0,9.6,10.3,10.4,9.8,9.6,9.4,9.4,8.5,8.9,8.7,8.5,8.3,8.2,8.3,8.6,8.8,9.7,8.7,8.1,8.2,8.4,7.9,7.6,7.4,8.0,7.8,7.6,7.7,7.6,7.6,7.9,7.9,..,7.9,8.1,7.7,..,7.5,7.7,..,8.3,9.3,8.6,..,8.5,9.8,8.0,..,8.2,7.8,..,7.6,8.2,8.1,..,8.0,8.1,..,7.8,..,7.7,..,7.5,7.5,..,6.9,6.5,6.3,..,6.1,7.2,..,..,..,7.3,..,6.9,6.9,5.8,..,6.9,6.4,6.5,..,..,..,..,6.2,5.9,5.1,..,5.4,5.4,5.5,..,5.5,5.0,..,5.0,4.6,6.2,..,5.9,6.1,6.0,..,6.3,6.5,..,6.3,6.2,5.9,..,5.7,5.7,..,6.1,6.0,5.9,..,5.3,6.0,5.8,..,6.3,6.1,..,6.1,..,6.2,..,6.2,6.1,6.0,..,5.9,6.1,..,6.0,6.0,6.1,..,7.3,7.6,..,7.4,7.2,7.3,..,6.9,6.9,6.8,..,7.2,7.5,..,7.6,7.5,7.5,..,7.9,7.8,7.8,..,8.2,9.1,..,8.7,8.5,8.0,..,8.2,7.7,..,7.5
Netherlands,23,https://www.countryflags.io/nl/flat/64.png,6.2,6.2,6.2,6.2,6.2,6.1,6.1,6.3,6.5,6.6,6.9,7.1,6.4,6.4,6.4,6.2,6.1,6.2,6.5,6.5,6.7,6.7,6.6,6.3,6.4,6.5,6.7,7.0,7.1,7.1,7.4,7.2,7.1,7.1,7.2,7.4,7.7,7.8,8.2,8.8,9.0,8.9,9.0,9.0,8.7,9.0,9.2,9.2,9.1,9.1,9.2,8.6,8.7,8.6,8.6,8.6,8.8,8.8,8.8,8.7,8.8,8.7,8.4,8.3,8.3,8.3,8.3,8.3,8.3,8.4,8.0,7.7,7.5,7.4,7.1,6.9,6.6,6.6,6.7,6.6,6.4,6.2,6.0,5.8,5.8,5.7,5.6,5.9,6.3,6.5,6.8,7.1,6.9,7.1,7.5,7.6,7.5,7.6,7.7,7.5,7.4,7.2,6.9,6.8,6.9,6.7,6.6,6.6,6.4,6.1,5.9,6.2,6.5,6.4,6.4,6.5,6.4,6.2,6.1,5.9,5.8,5.7,5.7,5.5,5.7,5.8,5.7,5.6,5.5,5.6,5.6,5.6,5.5,5.3,5.1,5.0,4.9,5.0,5.0,4.9,4.8,4.5,4.2,4.1,4.2,4.0,3.8,3.9,4.1,4.0,4.2,4.5,4.8,5.0,5.2,5.5,5.2,5.3,5.7,5.7,5.5,5.4,5.5,5.3,5.4,5.4,5.4,5.3,5.3,5.0,4.9,4.9,4.8,5.0,5.2,5.2,5.2,5.0,5.0,4.8,4.6,4.9,5.0,5.0,5.3,5.3,5.3,5.2,5.0,4.7,4.5,4.6,4.6,4.4,4.2,4.0,4.0,4.2,3.9,3.7,4.0,4.2,4.2,4.3,4.4,4.3,4.2,4.1,3.9,4.1,4.4,4.4,4.3,4.1,4.1,4.0,3.8,3.6,3.6,3.5,3.7,3.5,3.3,3.1,3.3,3.3,3.1,3.3,3.5,3.4,3.3,3.5,3.7,3.9,4.0,4.0,4.0,3.9,3.8,3.8,3.7,3.8,4.1,4.1,4.0,4.2,4.3,4.6,4.6,4.4,4.3,4.4,4.2,4.3,4.1,4.0,4.0,4.2,4.4,4.7,4.7,4.4,4.4,4.2,4.0,3.6,3.8,3.8,3.7,3.8,3.9,4.0,3.8,3.6,3.6,3.5,3.5,3.4,3.5,3.4,3.4,3.3,3.0,2.9,2.9,2.6,2.5,2.6,2.8,3.2,3.2,3.4,3.4,3.6,3.4,3.3,3.2,2.7,2.3,2.5,2.4,2.4,2.2,2.2,2.2,2.3,2.0,1.9,1.7,1.8,1.8,1.8,1.7,1.6,1.7,1.8,1.7,1.7,1.7,2.0,2.0,2.2,2.3,2.2,2.1,2.2,2.1,1.9,1.8,1.8,1.7,1.6,1.4,1.2,1.2,1.0,0.9,0.8,0.5,0.4,0.3,0.3,0.8,1.1,1.0,0.9,0.9,0.7,0.7,0.8,0.6,0.4,0.3,0.4,0.4,0.3,0.1,0.0,0.1,0.2,0.4,0.4,0.5,0.5,0.5,0.5,0.6,0.5,0.7,0.5,0.5,0.5,0.5,0.5,0.6,0.8,0.6,0.7,0.7,0.6,0.5,0.5,0.6,0.6,0.5,0.4,0.3,0.2,0.2,0.2,0.1,-0.1,-0.2,-0.5
New Zealand,24,https://www.countryflags.io/nz/flat/64.png,16.0,16.0,16.0,16.4,16.8,16.0,15.7,15.5,15.6,15.7,15.7,15.7,15.2,14.4,14.1,13.7,13.1,13.0,12.8,12.8,12.7,12.7,12.8,12.8,13.2,13.8,13.4,13.1,13.2,13.3,13.2,13.1,13.0,12.2,12.2,12.5,12.3,12.4,12.3,12.1,12.2,12.4,12.3,12.2,12.1,12.7,12.9,12.9,13.0,12.4,12.1,11.5,11.3,10.8,10.0,9.8,9.8,9.9,9.4,8.9,8.9,9.0,9.0,9.3,9.1,9.0,8.8,8.6,8.0,7.9,7.9,7.8,7.7,7.8,7.9,7.8,7.5,7.3,7.3,7.3,6.9,6.6,6.3,6.1,6.2,6.1,5.7,5.8,6.3,7.0,7.2,7.5,8.1,8.2,9.1,9.0,9.1,8.7,8.6,8.6,8.4,7.9,7.4,7.5,7.6,7.9,7.8,7.3,7.2,7.2,7.1,7.2,7.8,8.3,8.5,8.8,8.6,8.2,8.3,7.6,7.2,7.2,7.3,7.3,7.8,8.1,7.6,7.1,6.8,7.1,6.9,6.6,6.7,7.0,6.7,6.8,6.9,6.8,6.7,6.6,6.3,6.2,6.0,5.5,5.6,5.4,5.5,5.6,5.8,5.7,6.1,6.5,6.5,6.9,6.9,7.1,7.0,7.2,7.5,7.3,7.1,6.8,7.1,6.9,6.7,6.7,6.7,6.7,6.6,6.2,6.1,6.0,6.0,6.3,6.6,6.6,6.7,6.6,6.5,6.4,6.3,6.6,6.6,6.6,6.9,6.9,6.8,6.6,6.5,6.3,6.2,6.3,6.3,6.3,6.1,5.9,5.9,6.0,5.6,5.2,5.5,5.9,6.0,6.0,6.2,6.1,5.9,5.9,5.7,6.0,6.3,6.3,6.2,6.2,6.2,6.1,6.1,6.0,6.0,6.0,6.2,6.0,5.8,5.7,5.8,5.8,5.7,5.9,6.0,5.8,5.7,5.7,5.7,5.7,5.8,5.8,5.9,5.8,5.8,5.8,5.7,5.8,5.9,5.9,5.9,6.1,6.2,6.7,6.8,6.4,6.2,6.4,6.4,6.4,6.3,6.4,6.4,6.5,6.4,6.4,6.2,6.1,5.8,5.9,5.7,4.9,4.5,4.5,4.8,5.2,5.6,6.0,5.8,5.8,5.6,5.7,6.0,6.0,6.0,5.9,5.9,6.0,5.7,5.5,5.4,5.2,5.3,5.1,5.5,5.8,5.6,5.6,5.6,5.7,5.2,5.0,5.1,4.6,4.4,4.5,4.1,3.9,3.9,4.0,4.2,4.0,3.7,3.4,3.4,3.7,3.6,3.5,3.5,3.6,3.6,3.8,3.7,3.3,3.4,3.8,4.2,4.5,4.7,4.7,4.7,4.8,4.6,4.6,4.6,4.6,4.3,4.4,4.4,4.2,4.2,4.0,4.0,3.8,3.4,3.3,3.3,3.3,3.7,3.8,3.5,3.3,3.3,3.3,3.5,3.6,3.3,3.1,3.0,2.9,2.7,2.5,2.3,2.2,2.4,2.5,3.0,3.3,3.2,3.3,3.3,3.1,2.9,2.8,3.0,2.9,2.9,3.0,2.9,2.8,2.9,3.0,2.9,2.8,2.8,2.9,2.8,2.6,2.6,2.6,2.7,2.5,2.3,2.2,2.0,2.0,1.8,1.6,1.6,1.1
Norway,25,https://www.countryflags.io/no/flat/64.png,13.6,13.6,13.6,13.4,13.4,13.4,13.4,13.5,13.4,13.3,12.8,13.0,13.3,13.3,13.4,13.3,13.3,13.2,13.1,12.8,12.8,12.9,12.9,12.8,12.5,12.0,11.3,10.8,10.8,10.8,10.6,10.8,10.8,10.8,10.6,10.7,11.0,11.0,10.7,10.6,10.7,10.9,10.8,10.8,10.7,10.6,10.6,10.6,10.6,10.6,10.6,10.5,10.4,10.2,9.9,9.8,9.8,9.7,9.8,9.9,9.8,9.8,9.5,9.3,9.3,9.4,9.4,9.5,9.6,9.9,10.2,10.2,9.6,9.4,8.9,8.4,7.7,7.4,7.1,6.8,6.7,6.2,6.1,5.9,5.8,5.7,5.6,5.6,6.1,6.6,7.2,8.1,7.7,8.2,8.9,8.7,8.6,8.0,8.2,8.0,8.0,7.8,7.5,7.6,7.6,7.4,7.1,7.0,6.7,6.5,6.4,6.8,6.9,6.7,6.9,7.1,7.0,7.0,7.0,6.8,6.5,6.3,6.0,5.7,5.9,6.2,6.0,6.0,6.0,6.1,5.9,5.8,5.7,5.5,5.3,5.3,5.3,5.3,5.5,5.5,5.4,5.5,5.4,5.5,5.5,5.3,5.0,4.8,4.9,4.7,5.0,5.5,5.8,6.0,6.0,6.3,6.0,6.1,6.4,6.3,6.1,6.1,6.3,6.1,6.2,6.2,6.3,6.4,6.2,6.0,6.0,6.0,6.0,6.2,6.5,6.6,6.7,6.5,6.4,6.1,5.9,6.2,6.2,6.4,6.6,6.7,6.8,6.8,6.6,6.3,6.1,6.2,6.1,5.9,5.7,5.3,5.3,5.3,5.0,4.5,4.9,5.0,4.9,4.9,5.0,4.8,4.5,4.3,4.1,4.7,4.9,4.7,4.5,4.3,4.2,4.2,4.1,3.9,3.9,3.8,4.0,3.9,3.7,3.6,3.6,3.6,3.5,3.7,4.0,3.8,3.7,3.7,3.8,4.1,4.2,4.3,4.3,4.2,4.1,4.2,4.2,4.2,4.4,4.5,4.5,4.7,4.9,5.2,5.1,4.9,4.8,4.9,4.8,4.7,4.5,4.4,4.3,4.5,4.6,4.9,4.9,4.7,4.5,4.2,4.2,3.8,3.7,3.8,3.8,3.9,4.1,4.2,4.1,4.2,4.2,4.1,4.0,4.0,4.1,3.9,3.9,3.8,3.5,3.4,3.3,3.1,3.3,3.2,3.3,3.6,3.8,3.8,3.8,3.8,3.5,3.4,3.2,2.6,2.4,2.6,2.5,2.4,2.2,2.4,2.5,2.3,2.1,1.9,1.7,1.9,2.1,2.0,2.0,2.1,2.3,2.5,2.2,2.1,2.1,2.4,2.6,2.8,3.1,3.0,2.9,2.9,3.0,2.9,2.9,2.9,2.7,2.6,2.4,2.4,2.4,2.2,2.1,1.8,1.5,1.4,1.5,1.4,1.7,1.8,1.7,1.5,1.6,1.6,1.6,1.6,1.5,1.4,1.3,1.3,1.4,1.2,1.0,1.1,1.2,1.3,1.6,1.8,1.7,1.7,1.8,1.6,1.6,1.5,1.7,1.6,1.6,1.7,1.6,1.6,1.7,2.0,2.0,1.9,1.9,1.8,1.8,1.8,1.9,2.0,1.9,1.8,1.8,1.7,1.7,1.7,1.7,1.4,1.4,1.2
Poland,26,https://www.countryflags.io/pl/flat/64.png,..,..,..,..,..,..,..,..,..,..,..,..,..,..,..,..,..,..,..,..,..,..,..,..,..,..,..,..,..,..,..,..,..,..,..,..,..,..,..,..,..,..,..,..,..,..,..,..,..,..,..,..,..,..,..,..,..,..,..,..,..,..,..,..,..,..,..,..,..,..,..,..,..,..,..,..,..,..,..,..,..,..,..,..,..,..,..,..,..,..,..,..,..,..,..,..,..,..,..,..,..,..,..,..,..,..,..,..,..,..,..,..,..,..,..,..,..,..,..,..,..,..,..,..,..,..,..,..,..,..,..,..,..,..,..,..,..,..,..,..,..,..,..,..,..,..,..,..,..,..,..,..,..,..,..,..,..,..,..,..,..,..,..,..,..,..,..,..,..,..,10.4,10.2,10.6,10.6,11.3,11.7,11.8,11.9,11.5,10.3,9.0,8.9,8.3,8.3,8.3,8.2,8.0,7.6,7.6,7.3,6.8,6.3,6.0,5.7,5.7,5.7,5.5,5.4,5.1,5.0,5.4,5.6,5.9,6.4,6.9,6.8,6.7,6.8,6.7,7.0,7.3,7.3,7.4,7.4,7.0,6.8,6.5,6.0,6.0,5.7,5.6,5.5,5.4,4.9,4.7,4.9,4.6,4.9,5.4,5.2,5.0,4.8,4.8,5.0,5.3,5.6,5.6,5.6,5.5,5.4,5.2,5.1,5.2,5.2,5.2,5.3,5.3,5.5,5.6,5.7,5.7,5.6,5.7,5.9,5.8,5.8,6.0,6.0,6.1,6.4,6.5,6.1,5.9,6.4,6.2,5.7,5.5,6.0,6.2,6.2,6.3,6.3,6.2,6.1,6.2,6.2,6.1,6.2,6.1,6.1,5.7,5.6,5.7,5.9,5.8,5.6,5.5,5.5,5.8,6.0,6.3,6.3,6.3,6.1,6.1,5.9,5.8,5.7,5.7,5.7,5.8,5.8,5.7,5.5,5.4,5.5,5.4,5.2,5.0,4.9,4.9,4.6,4.2,3.9,3.9,4.0,3.9,3.5,3.3,4.0,4.0,4.3,4.5,4.3,4.4,4.4,4.4,4.5,4.3,4.1,3.8,3.5,3.3,3.4,3.1,2.7,2.5,2.6,2.2,2.2,2.3,2.4,2.8,3.2,3.2,2.9,2.9,2.7,2.7,3.0,3.0,3.0,2.9,3.0,3.0,3.1,2.9,2.7,2.9,3.0,3.4,3.5,3.7,3.8,3.7,3.4,3.4,3.2,3.3,3.3,3.3,3.4,3.4,3.3,3.3,3.4,3.3,3.1,3.2,3.2,3.2,3.1,3.2,3.2,3.2,2.9,2.8,2.7,2.8,2.8,2.7,2.4,2.1,1.9
Portugal,27,https://www.countryflags.io/pt/flat/64.png,..,..,..,..,..,..,..,..,..,..,..,..,..,..,..,..,..,..,..,..,..,..,..,..,..,..,..,..,..,..,..,..,..,..,..,..,..,..,..,..,..,..,..,..,..,..,..,..,..,..,..,..,..,..,..,..,..,..,..,..,..,..,..,..,..,..,..,..,..,..,..,..,..,..,..,..,..,..,..,..,10.7,10.4,9.7,9.3,9.4,9.2,8.9,8.6,9.0,9.3,10.0,10.8,11.3,11.4,11.8,11.6,11.5,11.6,11.8,11.7,12.0,12.2,11.9,11.9,11.7,11.3,11.2,11.2,10.7,10.0,9.4,9.5,9.5,9.1,9.0,8.9,8.7,8.7,8.3,7.6,7.2,7.0,6.7,6.7,6.9,6.8,6.5,6.4,6.3,6.4,6.1,6.0,6.0,5.7,5.4,5.3,5.3,5.2,5.2,5.1,5.0,4.8,4.5,4.4,4.4,4.1,3.9,4.0,4.2,4.1,4.3,4.7,5.0,5.2,5.4,5.6,5.4,5.5,5.8,5.8,5.6,5.5,5.7,5.5,5.6,5.6,5.6,5.6,5.5,5.3,5.2,5.1,5.1,5.3,5.4,5.4,5.4,5.2,5.2,4.9,4.8,5.0,5.1,5.2,5.4,5.4,5.4,5.3,5.1,4.9,4.6,4.7,4.7,4.5,4.3,4.0,4.1,4.2,3.9,3.8,4.1,4.3,4.3,4.4,4.5,4.4,4.3,4.2,4.0,4.2,4.4,4.5,4.4,4.2,4.1,4.0,3.9,3.6,3.6,3.6,3.7,3.5,3.4,3.2,3.3,3.4,3.2,3.4,3.6,3.5,3.5,3.6,3.8,4.0,4.1,4.1,4.1,4.1,3.9,4.0,3.9,4.0,4.2,4.2,4.1,4.3,4.4,4.7,4.7,4.6,4.5,4.5,4.4,4.5,4.3,4.3,4.4,4.5,4.6,5.0,5.0,4.7,4.7,4.6,4.4,4.0,4.3,4.5,4.7,4.5,4.3,4.5,4.3,3.9,3.9,3.9,3.8,3.9,4.2,4.6,4.3,4.8,5.0,5.5,5.5,5.3,6.1,6.0,6.9,6.5,6.9,7.3,7.8,9.2,9.6,10.9,12.2,10.9,11.3,11.7,11.9,13.1,13.8,12.8,13.0,12.0,11.6,10.6,10.5,9.9,8.6,8.2,8.3,7.3,6.2,6.4,6.1,6.2,5.5,6.3,6.9,6.6,7.1,6.3,6.0,6.0,5.2,4.9,4.4,3.8,3.7,3.5,3.7,3.5,3.2,3.2,3.1,2.8,2.5,2.3,1.7,1.9,2.4,2.9,2.7,2.5,2.6,2.4,2.6,2.5,2.7,3.2,2.8,3.1,3.1,3.2,3.1,2.9,3.3,3.3,3.5,3.7,4.0,4.0,4.0,3.8,3.3,3.0,3.0,2.8,2.6,2.3,2.0,1.8,1.9,2.0,1.8,1.7,1.8,1.9,1.8,1.8,1.9,2.0,1.9,1.7,1.7,1.6,1.3,1.2,1.0,0.6,0.4,0.2
Slovak Republic,28,https://www.countryflags.io/sk/flat/64.png,..,..,..,..,..,..,..,..,..,..,..,..,..,..,..,..,..,..,..,..,..,..,..,..,..,..,..,..,..,..,..,..,..,..,..,..,..,..,..,..,..,..,..,..,..,..,..,..,..,..,..,..,..,..,..,..,..,..,..,..,..,..,..,..,..,..,..,..,..,..,..,..,..,..,..,..,..,..,..,..,..,..,..,..,..,..,..,..,..,..,..,..,..,..,..,..,..,..,..,..,..,..,..,..,..,..,..,..,..,..,..,..,..,..,..,..,..,..,..,..,..,..,..,..,..,..,..,..,..,..,..,..,..,..,..,..,..,..,..,..,..,..,..,..,..,..,..,..,..,..,..,..,..,..,..,..,..,..,..,..,..,..,..,..,..,..,8.3,8.4,8.3,8.3,8.3,8.2,8.1,8.0,8.0,8.1,8.0,8.0,8.1,8.1,8.0,7.8,7.4,7.3,7.4,7.5,7.7,7.8,7.6,7.2,6.6,6.1,5.4,5.1,5.0,4.9,5.0,4.9,4.7,4.7,4.8,4.9,5.0,5.1,5.4,5.4,5.2,5.1,5.1,5.1,5.1,5.1,5.0,5.0,5.0,5.1,4.9,4.6,4.0,3.8,3.6,3.8,3.5,3.4,3.2,3.2,3.1,3.3,3.7,3.6,3.6,3.8,4.0,4.3,4.5,4.7,5.4,5.1,4.8,4.4,4.3,4.2,4.3,4.3,4.2,4.3,4.4,4.7,4.7,4.7,4.6,4.6,4.6,4.6,4.5,4.4,4.3,4.5,4.5,4.9,5.1,5.0,5.0,5.0,4.9,4.7,4.7,4.8,4.7,4.9,5.0,5.1,5.0,4.9,4.7,4.3,4.2,4.1,4.1,4.1,4.0,3.9,3.8,3.7,3.9,3.7,3.6,3.7,3.8,4.1,4.2,4.0,4.1,4.3,4.3,4.4,4.6,4.6,4.3,4.3,4.7,5.2,5.2,5.0,4.9,4.8,4.8,4.8,4.4,4.2,4.2,4.2,4.1,3.9,3.9,4.0,4.0,3.0,2.5,2.5,3.2,3.2,3.2,3.2,3.2,2.7,2.5,2.5,2.5,2.5,2.7,2.7,2.1,1.8,1.6,1.4,1.4,1.2,1.1,0.7,0.5,1.0,0.9,1.2,1.3,1.0,0.9,0.8,0.7,0.7,0.7,0.6,0.4,0.4,0.4,0.8,0.5,0.3,0.3,0.4,0.7,1.0,1.0,1.1,1.1,1.1,1.0,0.9,0.9,0.8,0.8,0.8,0.8,0.7,0.7,0.8,0.8,0.8,0.8,1.0,0.9,0.9,1.0,1.1,1.0,0.9,0.9,0.8,0.7,0.6,0.5,0.3,0.0,..
Slovenia,29,https://www.countryflags.io/si/flat/64.png,..,..,..,..,..,..,..,..,..,..,..,..,..,..,..,..,..,..,..,..,..,..,..,..,..,..,..,..,..,..,..,..,..,..,..,..,..,..,..,..,..,..,..,..,..,..,..,..,..,..,..,..,..,..,..,..,..,..,..,..,..,..,..,..,..,..,..,..,..,..,..,..,..,..,..,..,..,..,..,..,..,..,..,..,..,..,..,..,..,..,..,..,..,..,..,..,..,..,..,..,..,..,..,..,..,..,..,..,..,..,..,..,..,..,..,..,..,..,..,..,..,..,..,..,..,..,..,..,..,..,..,..,..,..,..,..,..,..,..,..,..,..,..,..,..,..,..,..,..,..,..,..,..,..,..,..,..,..,..,..,..,..,..,..,..,..,..,..,..,..,..,..,..,..,..,..,..,..,..,..,..,..,..,..,9.6,9.5,9.2,9.2,9.1,9.0,8.9,8.9,7.1,6.7,6.7,6.7,6.7,6.7,6.7,6.7,6.7,6.7,6.7,6.2,5.5,5.3,5.1,5.0,5.0,4.8,4.8,4.7,4.7,4.7,4.6,4.5,4.3,4.1,3.9,3.9,3.9,4.0,3.9,3.9,3.8,3.8,3.7,3.6,3.6,3.7,3.7,3.7,3.8,3.7,3.7,3.9,3.9,3.9,4.0,4.0,4.0,3.9,4.2,4.3,4.3,4.4,4.5,4.8,4.7,4.8,4.7,4.6,4.4,4.6,4.4,4.3,4.3,4.5,4.6,5.0,5.0,4.7,4.7,4.7,4.6,4.6,4.7,4.9,4.7,4.8,4.8,4.7,4.3,4.1,4.0,3.9,3.9,3.9,4.0,3.8,3.9,3.9,3.8,3.8,3.9,3.7,3.6,3.6,3.8,4.1,4.3,4.3,4.3,4.5,4.4,4.6,4.9,5.0,4.9,5.2,6.5,6.9,6.7,5.7,5.1,5.3,5.3,5.6,6.3,6.8,6.3,5.7,5.4,5.3,4.8,4.9,5.1,5.9,5.4,6.4,6.6,6.5,6.6,6.5,5.9,5.3,4.7,4.4,3.9,3.5,3.4,3.1,3.2,3.1,2.7,2.6,2.5,2.1,1.8,1.3,1.0,1.1,1.6,2.1,2.4,2.1,2.1,1.8,1.7,1.6,1.6,1.6,1.5,1.4,1.4,1.4,1.0,0.8,0.8,0.6,0.9,1.0,1.0,1.0,1.0,1.0,1.0,0.9,1.2,1.1,1.0,1.0,0.8,0.7,0.9,1.1,1.1,0.9,1.0,1.0,0.8,0.8,0.8,0.9,1.0,1.0,1.0,0.9,0.7,0.5,0.4,0.2,-0.0,..
Spain,30,https://www.countryflags.io/es/flat/64.png,10.7,10.7,10.7,10.6,11.0,12.0,13.4,13.2,13.6,14.0,14.2,14.3,13.4,13.4,12.6,12.4,11.6,11.1,11.3,10.9,11.1,11.1,11.4,12.1,12.5,12.8,13.2,13.2,13.6,13.5,13.6,13.8,12.6,13.7,13.7,13.8,14.0,14.5,14.5,14.6,14.9,14.8,14.6,14.5,14.5,14.7,15.1,14.9,14.6,14.5,14.5,14.1,13.2,12.5,11.9,11.9,12.2,12.1,11.6,11.6,11.5,11.3,10.9,10.8,10.8,10.9,10.8,11.3,11.8,12.2,12.6,13.0,12.5,12.5,12.2,11.4,11.3,11.5,11.2,10.6,10.2,9.5,9.1,8.7,8.6,8.3,8.0,8.1,8.8,9.1,9.5,10.3,10.6,10.7,11.2,11.1,11.2,11.4,11.9,11.6,12.3,12.1,11.4,11.5,11.3,11.0,10.8,10.9,10.5,9.9,9.5,9.7,9.9,9.3,9.2,9.1,8.8,8.9,8.4,7.8,7.3,7.0,6.8,6.7,7.0,7.0,6.6,6.5,6.2,6.3,6.1,6.0,6.0,5.6,5.4,5.2,5.1,5.1,5.1,5.0,4.9,4.7,4.5,4.4,4.4,4.1,3.9,4.0,4.3,4.1,4.3,4.6,4.9,5.2,5.3,5.6,5.3,5.4,5.8,5.7,5.6,5.5,5.6,5.5,5.5,5.5,5.6,5.5,5.4,5.2,5.1,5.1,5.0,5.2,5.4,5.3,5.3,5.2,5.1,4.9,4.8,5.0,5.0,5.1,5.3,5.3,5.4,5.2,5.1,4.8,4.6,4.6,4.6,4.4,4.2,4.0,4.0,4.2,3.9,3.7,4.0,4.2,4.2,4.3,4.4,4.3,4.2,4.1,4.0,4.2,4.3,4.4,4.3,4.2,4.1,4.0,3.9,3.6,3.6,3.6,3.7,3.5,3.4,3.2,3.2,3.2,3.1,3.3,3.5,3.4,3.3,3.5,3.6,3.9,4.0,4.0,4.0,3.9,3.8,3.8,3.7,3.8,4.1,4.1,4.0,4.2,4.3,4.6,4.6,4.4,4.4,4.4,4.2,4.3,4.2,4.1,4.1,4.3,4.4,4.8,4.8,4.6,4.6,4.5,4.1,3.9,4.1,4.2,4.1,4.0,4.1,4.2,4.0,3.8,3.8,3.8,3.8,3.8,4.0,4.0,3.8,3.9,4.1,4.6,4.4,4.0,4.1,4.0,4.7,5.4,5.4,5.3,5.2,5.3,5.3,5.5,5.8,5.3,5.2,5.3,6.2,5.5,5.4,5.1,5.2,5.8,6.1,6.6,6.8,6.6,5.9,5.6,5.7,5.3,5.1,5.2,4.9,4.6,4.2,4.7,4.7,4.5,4.4,4.2,4.1,4.1,3.8,3.6,3.3,3.1,2.9,2.7,2.7,2.4,2.2,2.1,2.1,1.8,1.5,1.5,1.2,1.3,1.8,2.2,2.1,1.9,2.0,1.7,1.7,1.7,1.7,1.7,1.6,1.5,1.6,1.5,1.2,1.0,1.0,1.1,1.4,1.4,1.5,1.7,1.7,1.6,1.6,1.5,1.6,1.5,1.5,1.6,1.5,1.4,1.5,1.5,1.3,1.2,1.4,1.4,1.3,1.4,1.4,1.6,1.6,1.4,1.4,1.3,1.1,1.1,0.9,0.5,0.4,0.1
Sweden,31,https://www.countryflags.io/se/flat/64.png,11.7,11.7,11.7,11.5,11.2,11.2,11.8,11.8,11.8,12.0,12.0,12.0,11.6,11.7,11.7,11.3,11.3,11.4,11.5,11.3,11.4,11.6,11.5,11.4,11.1,10.9,10.5,10.5,10.9,11.0,11.1,11.1,11.2,11.0,11.0,11.2,12.1,12.6,12.9,13.7,13.8,13.6,13.3,12.9,12.8,13.3,13.4,13.3,12.8,12.3,11.9,11.2,11.3,11.3,10.8,10.6,10.6,10.6,10.2,10.0,9.8,10.0,9.5,9.4,9.4,9.5,9.5,9.6,9.8,10.6,11.2,11.1,10.7,9.9,10.1,9.8,9.4,9.4,9.1,8.7,8.2,7.6,7.8,7.6,7.5,7.3,6.8,6.9,7.7,8.4,8.7,9.8,10.7,11.2,11.2,11.0,10.9,10.7,11.0,10.7,11.2,11.4,10.7,10.6,10.6,10.2,9.6,9.3,9.0,8.6,8.2,8.8,8.8,8.3,8.4,8.3,8.3,8.1,7.8,7.2,7.3,6.9,6.7,6.7,7.1,7.2,7.0,6.8,6.4,6.5,6.4,6.2,6.3,6.0,5.7,5.5,5.4,5.2,5.2,5.0,4.9,4.8,4.8,4.7,4.6,4.3,4.0,4.2,4.4,4.2,4.5,4.9,5.3,5.5,5.7,5.9,5.6,5.6,6.0,5.9,5.5,5.4,5.3,5.1,5.3,5.3,5.3,5.2,5.1,4.9,4.9,4.9,4.8,4.9,5.3,5.4,5.4,5.2,5.3,5.2,5.0,5.2,5.3,5.4,5.6,5.7,5.7,5.5,5.4,5.1,5.0,5.1,5.1,4.9,4.7,4.5,4.6,4.7,4.4,4.2,4.5,4.7,4.7,4.9,5.0,4.9,4.7,4.6,4.3,4.6,4.7,4.7,4.6,4.4,4.4,4.3,4.1,3.9,3.8,3.8,3.9,3.6,3.3,3.1,3.1,3.1,3.0,3.2,3.4,3.4,3.3,3.4,3.6,3.8,3.9,3.9,4.0,3.8,3.7,3.7,3.6,3.7,3.9,3.9,3.8,4.0,4.2,4.4,4.5,4.3,4.2,4.3,4.2,4.3,4.1,4.0,3.9,4.1,4.2,4.4,4.4,4.1,3.9,3.6,3.3,2.7,2.8,2.9,2.9,3.2,3.6,3.6,3.4,3.5,3.4,3.3,3.3,3.2,3.4,3.3,3.2,3.1,2.7,2.6,2.7,2.5,2.5,2.6,2.9,3.2,3.3,3.4,3.4,3.3,3.0,2.9,2.8,2.2,1.8,1.9,1.7,1.7,1.7,1.9,2.0,1.8,1.5,1.5,1.3,1.4,1.5,1.5,1.5,1.5,1.8,2.0,1.9,1.7,1.8,2.1,2.2,2.3,2.6,2.4,2.3,2.4,2.4,2.2,2.2,2.1,1.9,1.8,1.6,1.6,1.5,1.3,1.1,1.0,0.8,0.6,0.6,0.3,0.8,1.0,0.8,0.7,0.7,0.7,0.8,0.9,0.8,0.8,0.8,0.8,0.8,0.5,0.2,0.1,0.2,0.2,0.4,0.6,0.7,0.7,0.7,0.6,0.6,0.5,0.7,0.6,0.6,0.9,0.8,0.7,0.9,0.9,0.8,0.7,0.7,0.6,0.5,0.5,0.6,0.7,0.6,0.5,0.4,0.4,0.3,0.2,0.1,-0.1,-0.1,-0.3
Switzerland,32,https://www.countryflags.io/ch/flat/64.png,3.9,3.9,3.9,4.0,4.0,4.0,4.1,4.0,4.0,4.1,4.3,4.1,3.9,4.0,3.9,3.9,3.9,3.8,4.0,4.0,4.2,4.2,4.1,4.0,4.1,4.1,4.6,4.8,4.9,5.1,5.4,5.1,5.2,5.3,5.4,5.4,5.5,5.7,6.2,6.5,6.6,6.7,6.3,6.2,6.1,6.6,6.5,6.5,6.6,6.7,6.4,6.3,6.1,6.1,5.8,6.0,6.0,6.2,6.2,6.8,6.6,6.4,6.2,6.2,6.6,6.6,6.9,7.0,7.0,6.9,6.3,5.9,5.9,5.5,5.4,4.9,4.7,4.8,4.7,4.5,4.5,4.4,4.3,4.1,4.1,4.1,4.1,4.3,4.5,4.8,4.8,5.1,5.1,5.3,5.5,5.5,5.3,5.2,5.3,5.2,5.0,4.8,4.7,4.7,4.6,4.5,4.2,4.0,3.6,3.7,4.1,4.1,4.0,3.9,4.3,4.3,4.2,4.1,3.8,3.7,3.7,3.6,3.7,3.3,3.6,3.4,3.3,3.2,3.2,3.4,3.4,3.4,3.4,3.1,3.1,3.0,3.1,3.3,3.2,3.3,3.2,3.0,3.1,2.9,2.7,2.7,2.6,2.6,2.6,2.5,2.7,2.9,3.0,3.2,3.4,3.6,3.7,3.6,3.8,3.9,4.2,4.1,4.2,4.0,4.0,3.8,4.0,3.9,3.8,3.6,3.5,3.5,3.3,3.5,3.6,3.4,3.4,3.3,3.3,3.0,3.3,3.6,3.6,3.6,3.6,3.5,3.5,3.3,3.2,3.2,2.8,2.9,2.8,2.4,2.4,2.4,2.5,2.7,2.4,2.6,2.7,2.9,2.8,2.9,3.0,2.8,2.9,2.7,2.6,2.8,2.9,3.0,3.0,2.8,2.8,2.6,2.4,2.4,2.2,2.4,2.4,2.1,2.0,2.0,2.0,1.9,2.0,2.1,2.2,2.0,2.2,2.3,2.5,2.8,2.7,2.8,2.7,2.5,2.4,2.5,2.3,2.5,2.6,2.6,2.7,2.8,3.0,3.2,3.1,3.0,3.1,3.0,2.9,3.1,2.9,3.1,3.0,3.2,3.3,3.3,3.2,2.9,2.7,2.8,2.2,2.1,2.2,2.2,2.2,2.2,2.5,2.5,2.2,2.1,2.2,2.2,2.0,2.0,2.0,1.9,1.9,1.9,1.6,1.5,1.5,1.2,1.4,1.5,1.6,1.7,1.8,1.9,1.9,2.1,1.9,1.7,1.4,1.1,1.0,1.1,1.0,0.7,0.7,0.7,0.9,0.7,0.6,0.7,0.6,0.6,0.6,0.6,0.5,0.6,0.8,0.7,0.8,0.6,0.8,1.1,1.1,1.1,1.1,1.1,1.0,1.3,1.0,1.0,1.0,0.9,0.8,0.7,0.6,0.5,0.6,0.6,0.4,0.4,-0.1,0.0,0.0,0.0,-0.0,0.1,-0.0,-0.1,-0.1,-0.3,-0.3,-0.0,-0.3,-0.5,-0.4,-0.2,-0.3,-0.5,-0.5,-0.5,-0.5,-0.4,-0.1,-0.1,-0.1,-0.2,-0.1,-0.1,-0.1,-0.0,0.1,-0.1,0.0,-0.0,-0.1,-0.1,0.1,0.1,0.1,0.1,-0.0,-0.0,0.0,-0.0,0.1,0.1,-0.0,-0.2,-0.2,-0.2,-0.4,-0.3,-0.4,-0.5,-0.7,-1.0
United Kingdom,33,https://www.countryflags.io/gb/flat/64.png,10.3,10.3,10.3,10.0,9.1,9.1,8.8,8.9,9.3,10.1,10.2,10.1,9.2,9.6,9.7,9.5,9.2,9.2,9.4,9.5,9.8,9.9,10.1,9.7,9.9,10.1,10.0,9.7,9.9,10.2,10.2,10.6,10.2,9.9,10.2,10.5,10.6,10.6,10.9,11.3,12.4,12.7,12.4,11.8,11.8,12.2,12.1,11.7,11.4,10.8,10.6,10.1,10.3,10.2,10.4,10.6,10.3,10.0,9.6,9.7,9.8,9.7,9.5,9.3,9.7,9.4,9.0,9.1,9.1,9.4,9.2,8.7,8.2,8.3,8.3,8.0,7.7,7.9,8.2,8.0,7.6,7.1,7.0,6.9,6.9,6.4,6.4,6.8,7.4,7.8,8.3,8.7,8.5,8.7,8.9,8.8,8.6,8.6,8.7,8.7,8.6,8.4,8.2,8.1,8.3,8.1,7.9,8.1,7.8,7.5,7.4,7.8,8.1,8.1,8.1,8.1,7.9,7.8,7.8,7.5,7.6,7.6,7.6,7.2,7.5,7.6,7.2,7.1,7.1,7.1,6.8,6.5,6.6,6.4,6.1,6.0,6.0,5.8,5.9,5.8,5.8,5.6,5.2,5.0,4.9,4.5,4.3,4.4,4.7,4.6,4.9,5.2,5.4,5.4,5.7,5.9,5.3,5.4,5.8,5.6,5.4,5.3,5.4,5.2,5.2,5.3,5.4,5.2,5.1,4.9,4.8,4.8,4.7,4.9,5.1,5.2,5.2,5.0,5.0,4.8,4.6,4.9,4.9,4.9,5.2,5.2,5.3,5.1,5.0,4.7,4.5,4.6,4.6,4.6,4.4,4.2,4.3,4.5,4.2,4.1,4.4,4.6,4.7,4.9,5.1,4.9,4.8,4.8,4.7,5.0,5.1,5.2,5.1,5.0,4.9,4.8,4.7,4.5,4.5,4.6,4.8,4.6,4.4,4.3,4.3,4.3,4.2,4.3,4.3,4.2,4.1,4.2,4.3,4.5,4.6,4.7,4.7,4.7,4.6,4.6,4.5,4.6,4.9,4.9,4.8,5.0,5.1,5.4,5.4,5.1,5.0,5.0,4.7,4.7,4.5,4.6,4.4,4.6,4.9,5.2,5.0,4.7,4.6,4.6,4.3,3.6,3.7,3.7,3.2,3.4,3.6,3.7,3.8,3.7,3.7,3.6,3.8,3.9,4.0,4.1,4.1,4.1,3.8,3.6,3.5,3.2,3.1,3.1,3.3,3.6,3.7,3.9,3.7,3.8,3.5,3.4,3.3,2.8,2.5,2.5,2.3,2.2,2.1,2.2,2.3,2.2,1.9,1.8,1.7,1.7,1.7,1.8,1.8,1.8,2.1,2.2,2.0,1.8,1.9,2.3,2.5,2.7,2.8,2.7,2.8,2.9,2.9,2.8,2.8,2.7,2.7,2.8,2.7,2.5,2.5,2.2,2.2,1.9,1.6,1.7,1.8,1.8,2.0,2.2,2.1,2.0,1.9,1.8,2.0,1.9,1.8,1.5,1.5,1.6,1.5,1.3,1.0,0.7,0.8,1.1,1.4,1.4,1.4,1.3,1.2,1.1,1.1,1.1,1.3,1.1,1.2,1.4,1.3,1.3,1.4,1.6,1.5,1.5,1.5,1.4,1.4,1.4,1.5,1.5,1.5,1.3,1.3,1.2,1.2,1.2,1.1,0.9,0.8,0.6
United States,34,https://www.countryflags.io/us/flat/64.png,7.1,7.1,7.1,7.3,7.3,8.0,8.6,8.4,8.5,8.8,9.4,9.5,8.9,9.0,8.7,8.2,8.4,8.7,9.1,8.9,9.1,9.3,9.0,8.8,9.0,9.1,9.1,9.2,9.4,9.2,8.9,8.3,8.0,8.1,8.2,8.0,7.9,7.8,8.2,8.5,8.6,8.8,8.8,8.5,8.5,8.8,8.9,8.7,8.4,8.1,8.1,7.9,8.1,8.0,8.1,8.3,8.3,7.9,7.7,7.5,7.4,7.1,7.0,7.3,7.5,7.5,7.4,7.3,6.8,6.6,6.4,6.6,6.9,6.8,6.6,6.3,6.0,6.0,6.0,6.0,5.8,5.7,5.4,5.3,5.7,5.8,5.8,6.0,6.5,7.0,7.2,7.1,7.3,7.2,7.5,7.7,8.0,7.8,7.8,7.5,7.2,7.1,6.6,6.2,6.3,6.5,6.2,6.0,5.9,5.7,5.7,5.8,6.3,6.5,6.7,6.9,6.9,6.6,6.8,6.5,6.2,6.3,6.6,6.4,6.7,6.9,6.7,6.5,6.2,6.3,6.2,6.0,5.9,5.8,5.5,5.6,5.7,5.6,5.7,5.5,5.5,5.3,4.8,4.5,4.8,4.7,4.7,5.0,5.2,5.2,5.5,5.9,5.8,5.9,5.9,6.1,6.0,6.3,6.7,6.5,6.3,6.0,6.4,6.1,6.1,5.8,5.8,5.7,5.7,5.2,5.2,5.1,4.9,5.1,5.4,5.3,5.2,5.0,4.7,4.6,4.7,5.1,5.0,4.9,5.3,5.2,5.2,4.9,4.7,4.3,3.9,3.9,4.1,4.0,4.1,3.9,3.8,4.0,3.6,3.3,4.0,4.5,4.3,4.3,4.3,4.3,4.2,4.1,3.8,4.4,4.7,4.7,4.5,4.3,4.1,4.1,4.2,4.2,4.2,4.2,4.5,4.3,4.1,4.0,4.2,4.3,4.2,4.5,4.5,4.5,4.4,4.6,4.7,5.0,5.1,5.1,5.1,4.9,4.7,4.7,4.6,4.6,4.8,4.7,4.6,4.7,4.8,5.1,5.0,4.7,4.5,4.5,4.2,4.1,3.7,3.7,3.5,3.7,3.9,4.1,4.0,3.9,3.7,3.8,3.5,2.4,2.5,2.9,2.8,2.9,3.3,3.7,3.6,3.6,3.4,3.4,3.4,3.6,3.7,3.7,3.7,3.9,3.4,3.2,3.0,2.7,2.7,2.5,2.8,3.3,3.4,3.6,3.4,3.5,3.2,3.0,3.0,2.3,2.0,2.2,2.0,2.0,2.0,2.0,2.2,2.1,1.8,1.6,1.5,1.7,1.7,1.8,1.7,1.7,1.9,2.0,2.0,1.8,1.9,2.3,2.6,2.7,2.8,2.6,2.7,2.9,2.9,2.7,2.7,2.7,2.6,2.6,2.5,2.4,2.5,2.3,2.3,2.2,1.9,2.0,2.0,1.9,2.2,2.4,2.3,2.2,2.2,2.1,2.3,2.2,2.1,1.8,1.9,1.8,1.8,1.6,1.5,1.6,1.6,1.8,2.1,2.5,2.4,2.4,2.5,2.3,2.3,2.2,2.3,2.2,2.2,2.4,2.4,2.4,2.6,2.9,2.8,2.9,3.0,2.9,2.9,2.9,3.0,3.2,3.1,2.8,2.7,2.7,2.6,2.5,2.4,2.1,2.1,1.6
 Colombia,35,https://www.countryflags.io/co/flat/64.png,..,..,..,..,..,..,..,..,..,..,..,..,..,..,..,..,..,..,..,..,..,..,..,..,..,..,..,..,..,..,..,..,..,..,..,..,..,..,..,..,..,..,..,..,..,..,..,..,..,..,..,..,..,..,..,..,..,..,..,..,..,..,..,..,..,..,..,..,..,..,..,..,..,..,..,..,..,..,..,..,..,..,..,..,..,..,..,..,..,..,..,..,..,..,..,..,..,..,..,..,..,..,..,..,..,..,..,..,..,..,..,..,..,..,..,..,..,..,..,..,..,..,..,..,..,..,..,..,..,..,..,..,..,..,..,..,..,..,..,..,..,..,..,..,..,..,..,..,..,..,..,..,..,..,..,..,..,..,..,..,..,..,..,..,..,..,..,..,..,..,..,..,..,..,..,..,..,..,..,..,..,..,..,..,..,..,..,..,..,..,..,..,..,..,15.7,15.9,14.6,16.1,15.0,15.1,15.2,15.3,15.5,14.6,14.9,14.9,14.4,14.4,13.3,12.6,14.7,15.2,15.4,15.1,14.6,14.6,13.9,13.6,13.5,13.2,13.6,13.7,13.4,12.5,11.4,10.9,9.0,9.8,9.6,9.3,8.4,7.3,7.9,9.1,9.9,11.0,9.7,9.5,9.6,9.3,9.3,9.0,9.5,9.8,9.9,10.0,9.8,9.9,9.9,10.6,10.2,10.2,10.2,10.3,11.2,11.5,11.6,10.9,11.5,12.7,12.5,11.4,12.2,13.7,12.7,10.9,9.8,10.0,10.1,9.3,9.4,10.1,9.6,10.3,9.7,9.0,8.4,9.0,9.3,9.6,9.3,8.8,8.6,8.5,8.1,7.7,7.9,7.5,8.2,8.2,8.5,8.9,8.8,8.7,8.3,7.9,7.8,7.5,7.7,7.7,7.8,7.8,7.5,7.4,7.4,7.2,7.3,7.1,6.8,6.8,6.4,6.3,6.0,5.7,5.3,5.1,5.1,5.1,6.1,7.1,7.5,7.8,7.3,6.9,7.3,7.3,7.6,7.6,6.8,6.8,6.6,6.9,7.0,6.7,7.2,6.9,7.0,7.5,7.0,7.0,7.4,7.2,7.4,7.9,7.8,8.3,8.6,8.3,8.7,8.9,9.2,9.2,8.3,8.2,8.2,7.6,7.6,7.5,7.1,7.5,7.5,7.2,7.0,7.1,6.8,6.5,6.5,6.8,7.0,7.0,6.8,6.9,6.8,6.8,6.8,6.9,6.8,6.7,6.9,6.9,7.1,7.1,7.2,7.5,7.3,7.0,7.0,7.0,6.7,6.9,6.8,6.2,6.1,6.1
 Costa Rica,36,https://www.countryflags.io/cr/flat/64.png,..,..,..,..,..,..,..,..,..,..,..,..,..,..,..,..,..,..,..,..,..,..,..,..,..,..,..,..,..,..,..,..,..,..,..,..,..,..,..,..,..,..,..,..,..,..,..,..,..,..,..,..,..,..,..,..,..,..,..,..,..,..,..,..,..,..,..,..,..,..,..,..,..,..,..,..,..,..,..,..,..,..,..,..,..,..,..,..,..,..,..,..,..,..,..,..,..,..,..,..,..,..,..,..,..,..,..,..,..,..,..,..,..,..,..,..,..,..,..,..,..,..,..,..,..,..,..,..,..,..,..,..,..,..,..,..,..,..,..,..,..,..,..,..,..,..,..,..,..,..,..,..,..,..,..,..,..,..,..,..,..,..,..,..,..,..,..,..,..,..,..,..,..,..,..,..,..,..,..,..,..,..,..,..,..,..,..,..,..,..,..,..,..,..,..,..,..,..,..,..,..,..,..,..,..,..,..,..,..,..,..,..,..,..,..,..,..,..,..,..,..,..,..,..,..,..,..,..,..,..,..,..,..,..,..,..,..,..,..,..,..,..,..,..,..,..,..,..,..,..,..,..,..,..,..,..,..,..,..,..,..,..,..,..,..,..,..,..,..,..,..,..,..,..,..,..,..,..,..,..,..,..,..,..,..,..,..,..,..,..,..,..,..,..,..,..,..,9.8,9.8,9.8,9.8,9.8,9.9,10.0,..,11.9,..,..,..,12.0,11.9,11.9,10.4,10.2,9.2,8.1,8.2,9.0,8.3,8.2,8.2,8.2,..,8.5,..,..,9.7,10.0,9.6,8.5,9.3,10.1,10.0,10.1,10.1,10.1,10.1,10.3,10.2,10.1,10.1,10.0,10.2,9.8,9.8,10.2,10.0,10.0,10.1,10.0,9.9,9.7,8.8,9.1,8.5,8.9,8.9,9.1,8.5,8.5,8.5,8.5,9.3,..,9.9,9.2,9.6,..,8.5,10.6,10.1,10.6,10.2,10.1,10.6,..,10.6,10.6,10.6,9.6,10.1,..,..,..,..,10.6,10.6,..,..,..,10.6,10.6,..,..
 India,37,https://www.countryflags.io/in/flat/64.png,..,..,..,..,..,..,..,..,..,..,..,..,..,..,..,..,..,..,..,..,..,..,..,..,..,..,..,..,..,..,..,..,..,..,..,..,..,..,..,..,..,..,..,..,..,..,..,..,..,..,..,..,..,..,..,..,..,..,..,..,..,..,..,..,..,..,..,..,..,..,..,..,..,..,..,..,..,..,..,..,..,..,..,..,..,..,..,..,..,..,..,..,..,..,..,..,..,..,..,..,..,..,..,..,..,..,..,..,..,..,..,..,..,..,..,..,..,..,..,..,..,..,..,..,..,..,..,..,..,..,..,..,..,..,..,..,..,..,..,..,..,..,..,..,..,..,..,..,..,..,..,..,..,..,..,..,..,..,..,..,..,..,..,..,..,..,..,..,..,..,..,..,..,..,..,..,..,..,..,..,..,..,..,..,..,..,..,..,..,..,..,..,..,..,..,..,..,..,..,..,..,..,..,..,..,..,..,..,..,..,..,..,..,..,..,..,..,..,..,..,..,..,..,..,..,..,..,..,..,..,..,..,..,..,..,..,..,..,..,..,..,..,..,..,..,..,..,..,..,..,..,..,..,..,..,..,..,..,..,..,..,..,..,..,..,..,..,..,..,..,..,..,..,..,..,..,..,..,..,..,..,..,..,..,..,..,..,..,..,..,..,..,..,..,..,..,..,..,..,..,..,8.6,8.2,8.2,8.4,8.6,8.6,8.2,8.1,8.2,8.2,8.1,8.2,8.1,7.9,7.8,7.9,7.8,7.5,7.4,7.7,8.3,8.6,8.6,8.9,8.9,8.8,8.8,8.8,9.0,8.8,8.6,8.7,8.6,8.5,8.4,8.2,8.0,7.8,7.7,7.8,7.8,7.9,7.8,7.8,7.8,7.7,7.6,7.7,7.8,7.7,7.7,7.6,7.4,7.3,7.5,7.4,7.1,6.9,6.8,6.6,6.5,6.8,7.0,7.1,7.2,7.1,6.6,6.6,6.6,6.7,6.9,7.2,7.4,7.2,7.6,7.6,7.5,7.8,7.9,7.8,7.8,8.0,7.9,7.8,7.4,7.3,7.4,7.3,7.4,7.3,7.0,6.6,..
 Russia,38,https://www.countryflags.io/ru/flat/64.png,..,..,..,..,..,..,..,..,..,..,..,..,..,..,..,..,..,..,..,..,..,..,..,..,..,..,..,..,..,..,..,..,..,..,..,..,..,..,..,..,..,..,..,..,..,..,..,..,..,..,..,..,..,..,..,..,..,..,..,..,..,..,..,..,..,..,..,..,..,..,..,..,..,..,..,..,..,..,..,..,..,..,..,..,..,..,..,..,..,..,..,..,..,..,..,..,..,..,..,..,..,..,..,..,..,..,..,..,..,..,..,..,..,..,..,..,..,..,..,..,..,..,..,..,..,..,..,..,..,..,..,..,..,..,..,..,..,..,..,..,..,..,..,..,..,..,96.3,99.5,98.7,110.6,96.8,64.7,68.4,75.9,83.7,86.9,89.1,78.1,58.6,51.1,41.0,41.1,41.1,37.8,29.4,25.7,23.6,23.8,24.2,24.7,23.3,22.0,22.4,21.0,19.3,18.8,19.0,18.6,17.5,17.3,16.8,16.7,15.7,15.1,16.1,17.1,16.9,16.6,16.2,16.3,16.2,15.4,14.6,13.8,13.1,10.9,9.4,8.9,8.1,7.7,8.4,8.4,8.8,8.6,8.6,8.4,7.8,8.2,8.0,8.4,8.4,8.5,8.5,8.5,8.4,8.3,8.2,8.5,8.4,8.4,8.5,8.5,8.5,8.5,8.5,8.2,7.7,7.6,7.4,7.1,7.0,7.0,7.0,7.0,7.1,7.1,7.1,7.0,6.9,6.9,6.9,6.8,6.8,6.8,6.8,6.7,6.7,6.7,6.7,6.7,6.8,6.7,6.7,6.7,6.6,6.8,7.0,7.0,7.0,7.0,7.1,7.6,8.3,8.7,8.5,8.8,10.0,10.1,10.6,10.1,10.1,9.7,10.0,10.1,10.2,9.6,9.1,8.9,8.5,8.3,7.9,7.6,7.7,7.6,7.6,7.7,7.7,7.7,7.8,8.0,8.0,8.0,8.1,8.0,8.0,8.1,8.0,8.2,8.0,8.0,8.1,8.2,8.4,8.1,8.1,8.2,8.1,8.3,8.1,8.2,8.3,8.2,8.0,8.1,6.9,7.0,7.1,7.1,7.0,7.4,7.5,7.6,7.5,7.5,7.7,7.8,7.9,7.8,8.2,8.2,8.1,8.1,8.2,8.6,8.7,8.9,8.6,10.2,10.4,10.5,10.7,10.0,9.6,9.1,9.2,12.2,12.6,12.3,12.2,11.8,11.6,11.3,10.7,10.6,10.5,10.3,10.1,10.1,10.0,10.1,10.1,10.0,9.6,9.8,9.6,9.3,9.1,9.0,8.8,8.7,8.7,8.6,8.5,8.3,8.0,7.9,7.8,7.8,7.7,7.6,..,..,..,..,..,..,..,..,..,..,..,..,..,..
 South Africa,39,https://www.countryflags.io/za/flat/64.png,15.1,15.1,15.1,15.4,15.0,15.2,15.6,15.6,15.5,15.1,15.2,15.2,15.3,15.5,16.1,16.5,16.6,16.5,16.4,16.1,16.1,16.1,16.0,16.5,16.8,16.7,16.6,16.6,16.9,17.2,17.4,17.2,17.2,17.0,16.8,16.9,16.9,15.9,15.5,15.6,15.7,16.2,16.2,16.7,16.4,16.3,16.4,16.6,16.4,16.0,16.0,15.6,15.6,15.8,16.0,16.3,16.4,16.8,16.8,17.2,16.8,16.7,16.7,16.9,16.4,16.3,16.0,16.0,15.3,14.4,14.2,13.9,14.5,14.9,14.7,14.4,14.5,15.0,14.9,14.7,14.2,13.9,13.3,13.1,12.7,12.3,12.2,12.8,13.0,13.2,13.8,14.5,15.1,15.9,16.9,16.9,16.9,16.8,17.0,16.8,16.7,16.8,17.0,16.8,16.6,16.0,15.5,15.2,14.4,14.6,13.8,14.1,15.0,15.8,16.5,15.8,15.4,15.8,15.4,15.8,16.2,16.2,15.8,15.0,15.2,15.2,15.1,14.7,14.2,14.2,14.2,14.1,14.5,14.1,13.6,13.5,13.3,12.9,13.5,14.6,15.9,17.0,18.3,16.5,16.1,16.4,15.9,14.9,14.5,14.6,15.1,14.9,15.0,15.3,15.4,15.0,14.3,14.0,13.5,13.5,13.9,14.3,14.8,14.3,13.9,13.5,13.7,13.7,13.4,12.9,12.6,12.0,11.8,12.2,11.9,11.3,10.9,10.8,10.8,10.7,10.3,11.6,11.6,11.9,12.6,12.5,11.7,11.6,11.2,11.1,11.4,11.3,10.9,10.4,10.2,9.9,10.0,9.9,9.8,9.3,9.6,9.6,9.6,9.1,9.3,9.2,9.3,9.4,9.6,9.9,10.2,10.4,10.1,9.7,9.3,9.2,9.0,8.4,8.2,7.9,8.2,8.5,8.4,8.1,8.1,7.9,8.0,8.1,7.9,7.6,7.4,7.3,7.4,7.5,7.6,8.3,8.6,8.6,8.6,8.4,7.9,7.8,7.7,7.5,7.6,7.6,7.6,8.1,8.3,8.4,8.5,8.1,8.2,8.3,8.4,8.7,9.2,9.2,9.5,10.4,10.1,9.2,9.0,9.2,8.6,7.8,7.9,8.3,8.4,8.6,8.7,8.9,9.1,8.8,8.7,9.1,9.0,9.0,9.2,9.1,8.9,8.8,9.0,9.0,8.8,8.2,7.9,8.0,8.1,8.4,8.5,8.7,8.9,8.7,8.6,8.5,8.6,8.1,8.3,8.4,8.5,8.5,8.4,8.2,8.4,8.3,8.3,8.2,7.5,7.5,7.4,7.7,7.6,7.4,7.3,7.3,7.4,7.0,7.0,7.9,8.0,8.4,8.2,7.9,8.2,8.3,8.5,8.7,8.5,8.4,8.2,8.3,8.3,8.2,8.2,8.1,7.9,7.8,7.4,7.5,7.8,7.9,8.1,8.3,8.2,8.3,8.5,8.3,8.5,9.3,9.6,9.2,9.3,9.1,9.3,9.1,8.7,8.7,8.7,8.8,8.9,9.0,8.8,8.7,8.6,8.8,8.6,9.0,9.2,9.1,9.0,9.4,9.8,9.5,9.1,8.7,8.5,8.5,8.9,9.3,9.1,9.3,9.5,9.6,9.6,9.5,9.3,9.3,9.2,9.1,9.1,9.0,8.8,9.0
